RegistroANS;RazaoSocial;Modalidade;UF;TotalDespesas;MediaTrimestral;DesvioPadrao
005711;BRADESCO SAÚDE S.A.;Seguradora Especializada em Saúde;RJ;73671904069,10;669744582,45;2397232894,74
354627;UNIMED DE CIANORTE - COOPERATIVA DE TRABALHO MEDICO;Cooperativa Médica;PR;42838980871,64;549217703,48;2738629487,94
326305;AMIL ASSISTÊNCIA MÉDICA INTERNACIONAL S.A.;Medicina de Grupo;SP;39748094524,43;183170942,51;625888577,31
006246;SUL AMERICA COMPANHIA DE SEGURO SAÚDE;Seguradora Especializada em Saúde;RJ;39657416628,34;275398726,59;924451114,11
339679;UNIMED NACIONAL - COOPERATIVA CENTRAL;Cooperativa Médica;SP;18441961302,09;84596152,76;275508736,46
359017;NOTRE DAME INTERMÉDICA SAÚDE S.A.;Medicina de Grupo;SP;16904138051,09;130031831,16;386506310,13
368253;HAPVIDA ASSISTENCIA MEDICA S.A.;Medicina de Grupo;CE;16778080212,33;62141037,82;240385581,21
336858;UNIMED FRANCISCO BELTRAO COOPERATIVA DE TRABALHO MEDICO;Cooperativa Médica;PR;15344410166,40;158189795,53;956360228,20
346659;CAIXA DE ASSISTÊNCIA DOS FUNCIONÁRIOS DO BANCO DO BRASIL;Autogestão;DF;13418457026,73;194470391,69;586208401,61
343889;UNIMED BELO HORIZONTE COOPERATIVA DE TRABALHO MÉDICO;Cooperativa Médica;MG;10814932354,90;33482762,71;92339924,89
000582;PORTO SEGURO - SEGURO SAÚDE S/A;Seguradora Especializada em Saúde;SP;9452977010,21;126039693,47;422654759,11
312363;UNIMED DO EST. DO RJ FEDERAÇÃO EST. DAS COOPERATIVAS MÉDICAS;Cooperativa Médica;RJ;9178614104,14;158251967,31;236354112,26
421715;BRADESCO SAÚDE - OPERADORA DE PLANOS  S/A;Medicina de Grupo;SP;8973642500,92;427316309,57;728107023,88
000701;UNIMED SEGUROS SAÚDE S/A;Seguradora Especializada em Saúde;SP;8967717413,20;68455858,12;260871512,92
302147;PREVENT SENIOR PRIVATE OPERADORA DE SAÚDE LTDA;Medicina de Grupo;SP;8788157075,17;172316805,40;505934173,85
323080;GEAP AUTOGESTÃO EM SAÚDE;Autogestão;DF;8770428312,58;123527159,33;498332577,33
422631;ASSOCIAÇÃO PETROBRAS DE SAÚDE - APS;Autogestão;RJ;8157221956,87;453178997,60;1005300892,71
352501;UNIMED PORTO ALEGRE - COOPERATIVA MÉDICA LTDA.;Cooperativa Médica;RS;7854751516,25;29199819,76;75132782,11
416428;SUL AMÉRICA PARANÁ CLÍNICAS SERVIÇOS DE SAÚDE S.A.;Medicina de Grupo;SP;7483293551,64;133630241,99;553133442,50
304701;UNIMED CURITIBA - SOCIEDADE COOPERATIVA DE MÉDICOS;Cooperativa Médica;PR;7292114326,35;29642741,16;73127432,78
335690;UNIMED CAMPINAS - COOPERATIVA DE TRABALHO MÉDICO;Cooperativa Médica;SP;5785598403,32;21588053,74;62342832,92
317144;UNIMED DE FORTALEZA SOCIEDADE COOPERATIVA MÉDICA LTDA.;Cooperativa Médica;CE;4954171201,79;22830282,04;48914605,82
382876;UNIMED GOIANIA COOPERATIVA DE TRABALHO MÉDICO;Cooperativa Médica;GO;4743002504,83;40538482,95;96206547,94
312126;FUNDAÇÃO SAÚDE ITAÚ;Autogestão;MG;3817544386,81;181787827,94;261858385,85
359661;OMINT SERVIÇOS DE SAÚDE S.A.;Medicina de Grupo;SP;3656967732,85;46290730,80;149282464,26
357391;UNIMED VITORIA COOPERATIVA DE TRABALHO MEDICO;Cooperativa Médica;ES;3581860624,39;17387672,93;41525413,06
309222;GRUPO HOSPITALAR DO RIO DE JANEIRO LTDA;Medicina de Grupo;RJ;3562154667,63;37105777,79;114063417,92
344885;UNIMED RECIFE COOPERATIVA DE TRABALHO MÉDICO;Cooperativa Médica;PE;3512616366,29;50180233,80;89208626,12
419133;POSTAL SAÚDE CAIXA DE ASSISTÊNCIA E SAÚDE DOS EMPREGADOS DOS CORREIOS;Autogestão;DF;3440131213,13;49144731,62;198761280,20
379956;CARE PLUS MEDICINA ASSISTENCIAL LTDA.;Medicina de Grupo;SP;3256505345,29;542750890,88;612104231,54
319996;UNIMED DO ESTADO DE SÃO PAULO - FEDERAÇÃO ESTADUAL DAS COOP. MÉDICAS;Cooperativa Médica;SP;3195946688,56;42612622,51;98389157,00
360449;UNIMED GRANDE FLORIANÓPOLIS-COOPERATIVA DE TRABALHO MEDICO;Cooperativa Médica;SC;3126585000,10;9894256,33;25685079,98
424188;SERV  SOCIAL AUTÔNOMO DE ASSIST À SAÚDE DOS SERV PÚBLICOS E MILITARES DE GOIÁS;Autogestão;GO;3120403328,11;104013444,27;382113679,34
335100;UNIMED SAO JOSÉ DO RIO PRETO - COOP. DE TRABALHO MÉDICO;Cooperativa Médica;SP;2798218746,50;16856739,44;42327703,14
315478;FUNDAÇÃO CESP;Autogestão;SP;2752578398,67;67136058,50;146233566,53
303976;UNIMED BELÉM COOPERATIVA DE TRABALHO MÉDICO;Cooperativa Médica;PA;2677732692,29;31502737,56;80608217,76
342084;UNIMED CUIABA COOPERATIVA DE TRABALHO MÉDICO;Cooperativa Médica;MT;2547116419,65;8813551,63;20001275,26
333689;MEDISERVICE OPERADORA DE PLANOS DE SAÚDE S.A.;Medicina de Grupo;SP;2376365566,43;48497256,46;85818511,86
335614;SAMEDIL SERVIÇOS DE ATENDIMENTO MÉDICO S/A;Medicina de Grupo;ES;2281170899,68;81470389,27;139727075,96
346926;FUNDAÇÃO ASSISTENCIAL DOS SERVIDORES DO MINISTÉRIO DA FAZENDA;Autogestão;DF;2264097859,21;49219518,68;164763088,32
343269;UNIMED DE LONDRINA COOPERATIVA DE TRABALHO MÉDICO;Cooperativa Médica;PR;2142754722,46;12754492,40;21537158,39
352331;CAIXA BENEFICENTE DOS FUNCIONARIOS DO BANCO DO ESTADO DE SÃO PAULO;Autogestão;SP;2054715664,97;31132055,53;86663558,72
335592;UNIMED NATAL SOC. COOP. DE TRAB. MÉDICO;Cooperativa Médica;RN;1922543880,27;14564726,37;29358276,04
312851;UNIMED CAMPO GRANDE MS COOPERATIVA DE TRABALHO MÉDICO;Cooperativa Médica;MS;1875985180,41;14105151,73;21562307,84
371254;UNIMED REGIONAL MARINGÁ COOP.DE TRABALHO MÉDICO;Cooperativa Médica;PR;1843049362,97;8493315,04;20650120,31
325571;UNIMED SERRA GAUCHA/RS COOPERATIVA DE ASSISTENCIA A SAUDE LTDA;Cooperativa Médica;RS;1839552657,94;10219736,99;20248290,94
348520;NOTRE DAME INTERMÉDICA MINAS GERAIS SAÚDE S.A.;Medicina de Grupo;CE;1829366503,13;10335403,97;36868290,64
351202;UNIMED DE RIBEIRAO PRETO - COOPERATIVA DE TRABALHO MÉDICO;Cooperativa Médica;SP;1827771690,19;16466411,62;27043019,31
321044;UNIMED JOAO PESSOA - COOPERATIVA DE TRABALHO MÉDICO;Cooperativa Médica;PB;1785618270,58;21257360,36;33377668,15
343731;UNIMED-SÃO GONÇALO - NITERÓI - SOC.COOP.SERV.MED E HOSP LTDA;Cooperativa Médica;RJ;1772083464,15;10739899,78;25026461,04
348295;UNIMED SOROCABA COOPERATIVA DE TRABALHO MÉDICO;Cooperativa Médica;SP;1745559941,34;20535999,31;39524896,51
384577;UNIMED UBERLÂNDIA COOPERATIVA REGIONAL TRABALHO MÉDICO LTDA;Cooperativa Médica;MG;1724617297,34;10515959,13;23705760,91
312720;UNIMED DO ESTADO DO PARANÁ FEDERAÇÃO ESTADUAL DAS COOPERATIVAS MÉDICAS;Cooperativa Médica;PR;1712003630,89;4808998,96;18427212,22
327689;UNIMED MACEIO COOPERATIVA DE TRABALHO MÉDICO;Cooperativa Médica;AL;1702712907,51;8643212,73;21181052,51
355691;UNIMED DO ESTADO DE SANTA CATARINA FED. EST. DAS COOP. MÉD.;Cooperativa Médica;SC;1677843934,68;5611518,18;14950908,80
355721;UNIMED DE SANTOS COOP DE TRAB MEDICO;Cooperativa Médica;SP;1611694643,63;8572843,85;22096271,01
357511;HUMANA SAÚDE NORDESTE LTDA.;Medicina de Grupo;PI;1589461770,96;11434976,77;27995479,63
334561;UNIMED BLUMENAU - COOPERATIVA DE TRABALHO MEDICO;Cooperativa Médica;SC;1541667049,17;6022136,91;17158200,78
303356;UNIMED LITORAL COOPERATIVA DE TRABALHO MÉDICO LTDA;Cooperativa Médica;SC;1512027818,29;9882534,76;28147395,07
413534;CAIXA DE ASSISTENCIA DOS SERVIDORES DO ESTADO DE MATO GROSSO DO SUL;Autogestão;MS;1416432005,61;94428800,37;170876547,73
321273;UNIMED DE JOINVILLE COOPERATIVA DE TRABALHO MÉDICO;Cooperativa Médica;SC;1400284495,00;10449884,29;22553243,62
301949;ODONTOPREV S/A;Odontologia de Grupo;SP;1400002778,08;32558204,14;89180919,23
355097;SANTA HELENA ASSISTÊNCIA MÉDICA S/A.;Medicina de Grupo;SP;1384531610,93;17980930,01;36448803,11
339954;FUNDAÇÃO SÃO FRANCISCO XAVIER;Filantropia;MG;1376207627,65;20851630,72;45014328,89
369659;UNIMED DE BAURU COOPERATIVA DE TRABALHO MÉDICO;Cooperativa Médica;SP;1361256514,60;3601207,71;12639476,52
331872;UNIMED SAO JOSE DOS CAMPOS - COOPERATIVA DE TRABALHO MEDICO;Cooperativa Médica;SP;1317644950,81;6971666,41;18176712,50
315729;UNIMED DE PIRACICABA SOCIEDADE COOPERATIVA DE SERVIÇOS MÉDICOS;Cooperativa Médica;SP;1312456575,33;4389486,87;9922338,21
306886;UNIMED JUIZ DE FORA COOPERATIVA DE TRABALHO MÉDICO LTDA;Cooperativa Médica;MG;1289789725,85;5077912,31;12802533,99
342033;SAMP ESPIRITO SANTO ASSISTENCIA MEDICA SA;Medicina de Grupo;ES;1280953066,78;8957713,75;29567872,78
340782;CLINIPAM CLINICA PARANAENSE DE ASSISTENCIA MEDICA LTDA;Medicina de Grupo;CE;1276046611,80;8450639,81;22602492,06
319121;UNIMED DIVINOPOLIS - COOPERATIVA DE TRABALHO MEDICO LTDA;Cooperativa Médica;MG;1262578513,81;5395634,67;16217518,84
306398;UNIMED - COOPERATIVA DE SERVIÇOS DE SAÚDE DOS VALES DO TAQUARI E RIO PARDO LTDA.;Cooperativa Médica;RS;1226902744,09;7217074,97;11859718,44
407011;GAMA SAUDE LTDA.;Medicina de Grupo;SP;1222402726,18;111127520,56;189568151,89
303623;CENTRO TRASMONTANO DE SAO PAULO;Medicina de Grupo;SP;1204969704,83;57379509,75;75492028,06
370070;UNIMED DE CASCAVEL COOPERATIVA DE TRABALHO MÉDICO;Cooperativa Médica;PR;1190244749,84;6801398,57;12325081,79
337668;UNIMED SERGIPE - COOPERATIVA DE TRABALHO MÉDICO;Cooperativa Médica;SE;1088152888,22;7303039,52;19210165,28
314218;ASSOCIAÇÃO DE BENEFICÊNCIA E FILANTROPIA SÃO CRISTOVÃO;Filantropia;SP;1041499999,59;15780303,02;41097475,21
385697;CAIXA DE ASSISTÊNCIA DOS FUNCIONÁRIOS DO BANCO DO NORDESTE DO BRASIL;Autogestão;CE;1037606533,94;24130384,51;63800773,64
302953;UNIMED DE MACAÉ COOPERATIVA DE ASSISTÊNCIA À SAÚDE;Cooperativa Médica;RJ;1029184438,57;7247777,74;17964022,84
417505;CEMIG SAÚDE;Autogestão;MG;966542440,79;46025830,51;111316380,37
356417;UNIMED VALE DO SINOS - COOPERATIVA DE ASSISTÊNCIA À SAÚDE LTDA;Cooperativa Médica;RS;930612364,29;6842737,97;18276415,09
354031;UNIMED SÃO CARLOS - COOPERATIVA DE TRABALHO MÉDICO;Cooperativa Médica;SP;925522134,03;8263590,48;13797887,08
369292;UNIMED DE SANTA BÁRBARA D'OESTE E AMERICANA - COOP DE TRABALHO MÉDICO;Cooperativa Médica;SP;908017839,35;5437232,57;12852429,88
364584;UNIMED DE VOLTA REDONDA COOPERATIVA DE TRABALHO MÉDICO;Cooperativa Médica;RJ;903259473,09;6690810,91;15344185,00
361011;SINDIFISCO NACIONAL - SINDICATO NACIONAL DOS AUDITORES-FISCAIS DA RECEITA FEDERAL DO BRASIL;Autogestão;DF;903060646,79;23764753,86;58296304,09
315796;UNIMED DE PRESIDENTE PRUDENTE COOPERATIVA DE TRAB. MÉDICO;Cooperativa Médica;SP;879241155,94;4331237,22;7918217,99
353353;UNIMED TERESINA - COOPERATIVA DE TRABALHO MÉDICO;Cooperativa Médica;PI;866290549,80;7043012,60;12397289,12
353663;UNIMED NORTE DO MATO GROSSO COOPERATIVA DE TRABALHO MÉDICO;Cooperativa Médica;MT;865302190,06;6867477,70;15778305,81
331988;PASA - PLANO DE ASSISTENCIA A SAUDE DO APOSENTADO DA VALE;Autogestão;RJ;864549007,94;28818300,26;81604180,78
419249;ASSOCIAÇÃO SANTA CASA SAÚDE DE SÃO JOSÉ DOS CAMPOS;Medicina de Grupo;SP;825739975,51;21729999,36;53210103,01
354066;UNIMED UBERABA COOPERATIVA DE TRABALHO MEDICO LTDA.;Cooperativa Médica;MG;821684513,16;5041009,28;11304959,10
349712;UNIMED PONTA GROSSA COOPERATIVA DE TRABALHO MEDICO;Cooperativa Médica;PR;805700450,86;6604102,06;11294845,79
331317;REAL GRANDEZA - FUNDAÇÃO DE PREVIDÊNCIA E ASSISTÊNCIA SOCIAL;Autogestão;RJ;774115822,22;9001346,77;25034591,15
320706;UNIMED SUL CAPIXABA COOPERATIVA DE TRABALHO MÉDICO;Cooperativa Médica;ES;767673113,63;5050481,01;14008257,87
335479;UNIMED NOVA FRIBURGO-SOC.COOP.SERV.MED.HOSP.LTDA.;Cooperativa Médica;RJ;761929243,18;5291175,30;8165730,95
411256;PLANO HOSPITAL SAMARITANO LTDA;Medicina de Grupo;SP;759537714,58;31647404,77;61490444,60
336106;UNIMED DE MARILIA COOPERATIVA DE TRABALHO MÉDICO;Cooperativa Médica;SP;752433227,61;2621718,56;8666738,60
323268;UNIMED VALE DO SÃO FRANCISCO COOPERATIVA DE TRABALHO MÉDICO;Cooperativa Médica;PE;735416152,19;5657047,32;10913830,70
364312;UNIMED DE ARARAQUARA - COOP. DE TRAB. MÉDICO;Cooperativa Médica;SP;730624174,77;10437488,21;18588523,30
303267;UNIMED JUNDIAI - COOPERATIVA DE TRABALHO MÉDICO;Cooperativa Médica;SP;722296122,81;4175122,10;9994364,77
392804;CENTRO CLÍNICO GAÚCHO LTDA;Medicina de Grupo;CE;708884978,01;5538163,89;13565170,84
419010;INSTITUTO CURITIBA DE SAÚDE;Autogestão;PR;707986105,52;58998842,13;113056274,75
329339;UNIMED DE CRICIÚMA COOPERATIVA DE TRABALHO MÉDICO DA REGIÃO CARBONÍFERA;Cooperativa Médica;SC;700408229,77;2281460,03;9070050,62
354295;UNIMED CHAPECÓ - COOPERATIVA DE TRABALHO MÉDICO DA REGIÃO OESTE CATARINENSE;Cooperativa Médica;SC;687362495,69;7390994,58;17129037,13
367087;COOPERATIVA CENTRAL UNIMED DE COOPERATIVAS DE ASSISTÊNCIA À SAÚDE DO RIO GRANDE DO SUL LTDA.;Cooperativa Médica;RS;684332607,07;3888253,45;13095665,36
311847;UNIMED REGIONAL DA BAIXA MOGIANA - COOPERATIVA DE TRABALHO MÉDICO;Cooperativa Médica;SP;670080431,00;3436309,90;10415896,03
340952;UNIMED CARUARU-COOPERATIVA DE TRABALHO MEDICO;Cooperativa Médica;PE;660632517,81;6954026,50;14539183,63
421928;ALICE OPERADORA LTDA.;Medicina de Grupo;SP;654594677,14;18702705,06;25911338,61
354783;UNIMED FRANCA - SOCIEDADE COOPERATIVA DE SERVIÇOS MÉDICOS E HOSPITALARES;Cooperativa Médica;SP;653638198,65;2494802,28;6835500,81
355151;FUNDAÇÃO COPEL DE PREVIDÊNCIA E ASSISTÊNCIA SOCIAL;Autogestão;PR;644526621,73;16961226,89;44082291,04
319708;UNIMED SANTA MARIA/RS - COOPERATIVA DE ASSISTÊNCIA À SAÚDE LTDA;Cooperativa Médica;RS;624312726,09;4247025,35;10900137,52
348180;HUMANA SAÚDE LTDA.;Medicina de Grupo;PR;620485163,21;4665301,98;11309237,49
342611;ECONOMUS INSTITUTO DE SEGURIDADE SOCIAL;Autogestão;SP;617324370,81;14698199,31;30074685,01
337188;COOPERATIVA DE TRABALHO MÉDICO DE POUSO ALEGRE;Cooperativa Médica;MG;601181910,28;3377426,46;10304501,03
344397;UNIMED NOVA IGUACU COOPERATIVA DE TRABALHO MEDICO;Cooperativa Médica;RJ;595709818,48;7446372,73;15966479,04
422339;LEVE SAUDE OPERADORA DE PLANOS DE SAUDE S.A;Medicina de Grupo;RJ;594459371,24;7524802,17;15362103,88
386588;UNIMED GOVERNADOR VALADARES COOP. DE TRABALHO MÉDICO LTDA.;Cooperativa Médica;MG;587713922,23;4739628,41;10738708,64
326500;SOBAM CENTRO MÉDICO HOSPITALAR S.A.;Medicina de Grupo;SP;583271458,84;6943707,84;20896531,53
367095;SAMEL PLANO DE SAÚDE LTDA;Medicina de Grupo;AM;576070572,51;48005881,04;72209157,76
380661;METRUS INSTITUTO DE SEGURIDADE SOCIAL;Autogestão;SP;568346566,28;19598157,46;58677950,55
317632;ASSOCIACAO DOS AUDITORES FISCAIS DA RECEITA ESTADUAL DE SAO PAULO;Autogestão;SP;566440988,67;25747317,67;64144058,49
321958;UNIMED DO CEARÁ - FEDERAÇÃO DAS SOCIEDADES COOPERATIVAS MÉDICAS DO ESTADO DO CEARÁ LTDA.;Cooperativa Médica;CE;564303429,22;9900060,16;18058280,88
349682;DOCTOR CLIN OPERADORA DE PLANOS DE SAÚDE LTDA.;Medicina de Grupo;RS;563202408,78;7932428,29;32814890,46
418021;ASSOCIAÇÃO SANTA SAÚDE;Medicina de Grupo;SP;562059047,99;11020765,65;24202100,47
369411;UNIMED DE ARACATUBA - COOPERATIVA DE TRABALHO MÉDICO;Cooperativa Médica;SP;559327360,62;3142288,54;9912242,43
324477;CAIXA DE PREVIDÊNCIA E ASSISTÊNCIA DOS SERVIDORES DA FUNDAÇÃO NACIONAL DE SAÚDE - CAPESESP;Autogestão;RJ;551688903,62;23986474,07;65369122,86
418170;QUALLITY PRÓ SAÚDE PLANO DE ASSISTÊNCIA MÉDICA LTDA.;Medicina de Grupo;DF;551587131,29;12257491,81;30359611,36
353060;UNIMED PATOS DE MINAS COOPERATIVA TRABALHO MÉDICO LTDA.;Cooperativa Médica;MG;539079345,94;4022980,19;10163745,91
346276;UNIMED SALTO/ITU - COOPERATIVA MÉDICA;Cooperativa Médica;SP;527328330,83;2559846,27;6324357,33
352683;UNIMED DE CAMPOS COOPERATIVA DE TRABALHO MÉDICO;Cooperativa Médica;RJ;524011937,03;4403461,66;8650547,62
359777;UNIMED RONDONOPOLIS COOPERATIVA DE TRABALHO MÉDICO LTDA;Cooperativa Médica;MT;518867034,50;2543465,86;8352338,62
366561;BENSAUDE PLANO DE ASSISTENCIA MEDICA HOSPITALAR LTDA.;Medicina de Grupo;SP;516241595,69;10324831,91;30496512,58
317233;FUNDAÇÃO CHESF DE ASSISTÊNCIA E SEGURIDADE SOCIAL;Autogestão;PE;515943021,65;13229308,25;46549298,15
333051;UNIMED DE GUARULHOS COOPERATIVA DE TRABALHO MÉDICO;Cooperativa Médica;SP;509594031,18;3719664,46;8316117,60
337374;UNIMED PORTO VELHO - SOCIEDADE COOPERATIVA MÉDICA LTDA;Cooperativa Médica;RO;508212467,15;4840118,73;8765985,92
350249;H.B. SAÚDE S/A.;Medicina de Grupo;SP;504705313,32;12309885,69;28876916,07
417530;ASSOCIAÇÃO DE SAÚDE PORTUGUESA DE BENEFICÊNCIA;Medicina de Grupo;SP;504677174,07;18691747,19;18795017,15
367397;UNIMED CAMPINA GRANDE - COOPERATIVA DE TRABALHO MEDICO LTDA;Cooperativa Médica;PB;501411831,10;12229556,86;24179276,95
000884;ITAUSEG SAÚDE S.A.;Seguradora Especializada em Saúde;SP;500979057,33;35784218,38;57913027,53
364860;UNIMED DE TUBARAO - COOPERATIVA DE TRABALHO MEDICO DA REGIAO DA AMUREL;Cooperativa Médica;SC;495757410,79;1751792,97;5658206,72
345598;UNIMED AMPARO COOPERATIVA DE TRABALHO MÉDICO;Cooperativa Médica;SP;486250175,85;3353449,49;8452376,48
416568;ASSOCIAÇÃO DE ASSISTÊNCIA À SAÚDE DOS EMPREGADOS DA COPASA;Autogestão;MG;475540723,72;12193351,89;25130674,56
422720;AMPLA PLANOS DE SAUDE LTDA;Medicina de Grupo;RJ;474281905,32;59285238,17;67613180,86
301574;UNIMED DE LIMEIRA COOPERATIVA DE TRABALHO MÉDICO;Cooperativa Médica;SP;471571275,26;3996366,74;10019295,35
307319;CAIXA DE ASSISTÊNCIA DOS EMPREGADOS DO BANCO DO ESTADO DO RIO GRANDE DO SUL;Autogestão;RS;469159594,25;10425768,76;24578330,76
320251;UNIMED RIO VERDE COOPERATIVA TRABALHO MEDICO;Cooperativa Médica;GO;468800397,80;3634111,61;11816358,69
344800;ALVORECER - ASSOCIAÇÃO DE SOCORROS MÚTUOS;Medicina de Grupo;SP;465398684,48;31026578,97;34077331,93
326861;PROMÉDICA - PROTEÇÃO MEDICA A EMPRESAS S.A.;Medicina de Grupo;BA;456661887,08;30444125,81;47065278,89
347507;UNIMED CENTRO RONDÔNIA COOPERATIVA DE TRABALHO MÉDICO;Cooperativa Médica;RO;453284376,70;3382719,23;5207836,85
333662;UNIMED DE DOURADOS COOPERATIVA DE TRABALHO MÉDICO LTDA;Cooperativa Médica;MS;449101699,80;3162688,03;5270798,15
420077;SERVIÇO SOCIAL DA INDÚSTRIA DO PAPEL, PAPELÃO E CORTIÇA DO ESTADO DE SÃO PAULO - SEPACO;Autogestão;SP;448229393,58;24901632,98;39521167,37
324361;CAIXA DE ASSISTÊNCIA À SAÚDE - CABERJ;Medicina de Grupo;RJ;446775438,93;7324187,52;18078681,59
319384;UNIMED PLANALTO MÉDIO/RS - COOPERATIVA DE ASSISTÊNCIA À SAÚDE LTDA.;Cooperativa Médica;RS;446502909,64;6566219,26;9498935,52
314099;UNIMED VALE DO SEPOTUBA - COOPERATIVA DE TRABALHO MÉDICO;Cooperativa Médica;MT;446478819,46;3571830,56;7568376,90
371106;UNIMED COSTA OESTE - COOPERATIVA DE TRABALHO MÉDICO;Cooperativa Médica;PR;443522365,44;2359161,52;5008795,87
360244;PLANO DE SAÚDE ANA COSTA LTDA.;Medicina de Grupo;SP;441806604,41;5259602,43;17877466,16
422029;KLINI PLANOS DE SAÚDE LTDA;Medicina de Grupo;RJ;433143044,13;28876202,94;39764810,91
310247;CIRCULO OPERARIO CAXIENSE;Medicina de Grupo;RS;429463961,84;5726186,16;10249358,99
348082;UNIMED ANHANGUERA COOPERATIVA DE TRABALHO MÉDICO;Cooperativa Médica;SP;426929406,87;4105090,45;8429819,22
358088;UNIMED LESTE PAULISTA COOPERATIVA DE TRABALHO MÉDICO;Cooperativa Médica;SP;425493863,51;1866201,16;5451635,20
327417;AUSTACLINICAS ASSISTÊNCIA MÉDICA E HOSPITALAR LTDA;Medicina de Grupo;SP;423455440,50;5800759,46;10530626,62
423173;INTEGRA ASSISTENCIA MEDICA SA;Medicina de Grupo;SP;416455711,72;52056963,97;70549958,99
306762;UNIMED REGIONAL JAU - COOPERATIVA DE TRABALHO MÉDICO;Cooperativa Médica;SP;414728703,82;2206003,74;6351399,87
350371;UNIMED DO SUDOESTE COOPERATIVA DE TRABALHO MEDICO LTDA;Cooperativa Médica;BA;414029160,29;3508721,70;5868212,97
421421;2CARE OPERADORA DE SAÚDE LTDA.;Medicina de Grupo;SP;411890291,79;10046104,68;20762897,93
311375;UNIMED PELOTAS/RS - COOPERATIVA DE ASSISTÊNCIA À SAÚDE LTDA.;Cooperativa Médica;RS;408392320,40;4920389,40;6856096,22
415111;BIOVIDA SAÚDE LTDA.;Medicina de Grupo;SP;401604330,66;33467027,56;44595285,73
304883;UNIMED DE BOTUCATU COOPERATIVA DE TRABALHO MÉDICO;Cooperativa Médica;SP;399227011,53;5118295,02;9233354,66
372609;NOSSA SAÚDE - OPERADORA PLANOS PRIVADOS DE ASSISTÊNCIA  À SAÚDE LTDA.;Medicina de Grupo;PR;389668135,16;5647364,28;9989184,17
356123;UNIMED DO CARIRI - SOCIEDADE COOPERATIVA MÉDICA LTDA;Cooperativa Médica;CE;389268468,92;6829271,38;15887526,85
312347;UNIMED ANÁPOLIS COOPERATIVA DE TRABALHO MÉDICO.;Cooperativa Médica;GO;387261273,14;2070915,90;5268536,21
315044;FUNDAÇÃO CELESC DE SEGURIDADE SOCIAL - CELOS;Autogestão;SC;385557001,50;7559941,21;18800455,33
342556;ASSOCIAÇÃO DR. BARTHOLOMEU TACCHINI;Filantropia;RS;385500393,99;5669123,44;12787094,10
331341;UNIMED DE BEBEDOURO COOPERATIVA DE TRABALHO MÉDICO;Cooperativa Médica;SP;383326004,15;3549314,85;6377080,55
314668;ABERTTA SAÚDE - ASSOCIAÇÃO BENEFICENTE DOS EMPREGADOS DA ARCELORMITTAL NO BRASIL;Autogestão;MG;380890974,05;5601337,85;13218901,03
326755;ASSOCIAÇÃO EVANGELICA BENEFICENTE DE LONDRINA;Filantropia;PR;374050199,85;3369821,62;8024619,46
371629;UNIMED NOROESTE CAPIXABA COOPERATIVA DE TRABALHO MÉDICO.;Cooperativa Médica;ES;373825535,94;4346808,56;5948492,91
357260;UNIMED NOROESTE/RS - SOCIEDADE COOPERATIVA DE ASSISTÊNCIA À SAÚDE LTDA.;Cooperativa Médica;RS;373351725,78;2235639,08;3923234,95
416401;CAIXA DE ASSISTÊNCIA DOS EMPREGADOS DA EMPRESA BRASILEIRA DE PESQUISA  AGROPECUÁRIA;Autogestão;DF;362617173,43;22663573,34;32572781,90
357138;UNIMED CENTRO OESTE PAULISTA - FEDERAÇÃO INTRAFEDERATIVA DAS COOPERATIVAS MÉDICAS;Cooperativa Médica;SP;359039455,81;11967981,86;18701431,40
335215;UNIMED ARARUAMA COOPERATIVA DE TRABALHO MÉDICO LTDA;Cooperativa Médica;RJ;357011836,07;2017016,02;5384682,78
411752;ASSOCIAÇÃO ASSISTENCIAL DE SAÚDE SUPLEMENTAR CRUZ AZUL SAÚDE;Medicina de Grupo;SP;354986470,53;29582205,88;44062546,95
309907;UNIMED PALMAS COOPERATIVA DE TRABALHO MÉDICO;Cooperativa Médica;TO;354498354,42;2568828,66;4627259,35
344729;UNIMED VARGINHA COOPERATIVA DE TRABALHO MÉDICO;Cooperativa Médica;MG;353874940,22;2374999,60;5607374,44
370681;UNIMED PATO BRANCO SOCIEDADE COOPERATIVA DE MÉDICOS;Cooperativa Médica;PR;345300662,16;1876634,03;4368810,87
310522;PROASA SAÚDE;Medicina de Grupo;DF;343886362,80;10420798,87;23355462,37
348830;PLENA SAÚDE S.A.;Medicina de Grupo;SP;340423575,81;5769891,12;11947371,03
379280;LIV LINHAS INTELIGENTES DE ATENÇÃO À VIDA S/A;Medicina de Grupo;SP;339534353,65;2902003,02;8939372,75
324493;S.P.A SAUDE- SISTEMA DE PROMOÇÃO ASSISTENCIAL;Autogestão;SP;335444802,01;10164994,00;20439076,78
303739;SERMED-SAÚDE LTDA.;Medicina de Grupo;SP;333058760,64;3297611,49;11043406,28
306126;UNIMED DE RIO CLARO SP COOPERATIVA DE TRABALHO MEDICO;Cooperativa Médica;SP;332140853,57;1302513,15;2889660,76
345709;UNIMED CONSELHEIRO LAFAIETE COOPERATIVA DE TRABALHO MÉDICO LTDA;Cooperativa Médica;MG;327859926,39;1672754,73;4072265,96
354562;IRMANDADE DA SANTA CASA DE MISERICÓRDIA DE PIRACICABA;Filantropia;SP;323476234,39;16173811,72;28906974,57
414492;LIFE EMPRESARIAL SAÚDE LTDA.;Medicina de Grupo;SP;322517470,51;8062936,76;20976700,91
338648;FUNDAÇÃO SANEPAR DE ASSISTÊNCIA SOCIAL;Autogestão;PR;322516582,51;12404483,94;32618173,78
316148;UNIMED POÇOS DE CALDAS - SOC. COOP. DE TRAB. E SERVIÇOS MÉDICOS;Cooperativa Médica;MG;320425757,77;2966905,16;7138090,07
337871;UNIMED RIO BRANCO COOPERATIVA DE TRABALHO MEDICO LTDA;Cooperativa Médica;AC;317066960,74;2045593,30;4433315,32
414581;UNIÃO MÉDICA PLANOS DE SAÚDE S/A;Medicina de Grupo;BA;313644582,58;6534262,14;8331825,25
351407;UNIMED DE CATANDUVA - COOPERATIVA DE TRABALHO MÉDICO;Cooperativa Médica;SP;311312452,17;2572830,18;4579532,39
344362;SÃO LUCAS SAÚDE S/A;Medicina de Grupo;SP;307697011,49;9925710,05;19260790,58
306100;UNIMED REGIONAL DE CAMPO MOURÃO COOP TRAB MEDICO;Cooperativa Médica;PR;301885916,91;3430521,78;6033326,00
418374;LUMINAR SAÚDE - ASSOCIAÇÃO DE ASSISTÊNCIA À SAÚDE;Autogestão;DF;300478719,50;5007978,66;14806601,48
371777;UNIMED NORTE CAPIXABA- COOPERATIVA DE TRABALHO MÉDICO;Cooperativa Médica;ES;300177898,21;2099146,14;4906397,52
352543;UNIMED MARANHÃO DO SUL - COOPERATIVA DE TRABALHO MÉDICO;Cooperativa Médica;MA;296600018,51;2353968,40;4094068,43
300713;UNIMED DE ASSIS COOPERATIVA DE TRABALHO MÉDICO;Cooperativa Médica;SP;296047414,66;1376964,72;3554544,11
409243;SAUDE PAS - MEDICINA E ODONTO;Autogestão;RS;295529575,17;24627464,60;42008986,54
315567;FUNDAÇÃO AFFEMG DE ASSISTÊNCIA E SAÚDE - FUNDAFFEMG;Autogestão;MG;291240959,00;13868617,10;26549283,95
328294;UNIMED NORDESTE PAULISTA - FED. INTRAFEDERATIVA DAS COOP. MÉDICAS;Cooperativa Médica;SP;288887646,98;5068204,33;10352172,72
322571;UNIMED GUARAPUAVA COOPERATIVA DE TRABALHO MÉDICO;Cooperativa Médica;PR;285865347,41;2382211,23;2666519,45
417548;CAIXA DE ASSISTÊNCIA OSWALDO CRUZ;Autogestão;RJ;285201360,75;10563013,36;26372516,37
316881;UNIMED TEOFILO OTONI COOPERATIVA DE TRABALHO MÉDICO;Cooperativa Médica;MG;285097430,79;5183589,65;7819143,47
311715;UNIMED ENCOSTA DA SERRA/RS SOCIEDADE COOPERATIVA DE SERVIÇOS DE SAÚDE LTDA.;Cooperativa Médica;RS;281897715,64;3167390,06;5715445,04
304051;UNIMED MONTES CLAROS COOPERATIVA DE  TRABALHO MÉDICO LTDA.;Cooperativa Médica;MG;280324396,22;2644569,78;5348896,64
354511;OPERADORA UNIESTE DE PLANOS DE SAÚDE LTDA;Medicina de Grupo;RJ;277385890,86;6164130,91;14237994,58
342807;SANTA CASA DE MISERICÓRDIA DE JUIZ DE FORA;Filantropia;MG;277292881,06;4018737,41;8173815,72
311294;UNIMED DE OURINHOS - COOPERATIVA DE TRABALHO MÉDICO;Cooperativa Médica;SP;275392261,92;3278479,31;5645208,10
420166;PLANO DE SAÚDE DA SANTA CASA DE BRAGANÇA PAULISTA;Medicina de Grupo;SP;274288279,19;5597719,98;11034207,67
323993;UNIMED PETROPOLIS-RJ COOPERATIVA DE TRABALHO MÉDICO;Cooperativa Médica;RJ;273656791,48;2359110,27;5504404,88
324345;UNIMED COSTA DO DESCOBRIMENTO COOPERATIVA DE TRABALHO MÉDICO;Cooperativa Médica;BA;272633185,73;2572011,19;5388632,13
313211;UNIMED VALE DO CAÍ/RS - COOPERATIVA DE ASSISTÊNCIA À SAÚDE LTDA.;Cooperativa Médica;RS;266791319,82;2540869,71;5520363,34
415774;CABERJ INTEGRAL SAÚDE S.A;Medicina de Grupo;RJ;262541076,05;5250821,52;12556211,03
330264;UNIMED DE BARRA MANSA SOC. COOP. SERV.MED.E HOSPIT.;Cooperativa Médica;RJ;261983928,84;3638665,68;7310360,68
348244;UNIMED DE BRUSQUE COOPERATIVA DE TRABALHO MÉDICO;Cooperativa Médica;SC;257527593,43;1728373,11;3771334,84
418650;MÚTUA DOS MAGISTRADOS DO ESTADO DO RIO DE JANEIRO;Autogestão;RJ;253746936,16;28194104,02;29706199,46
414310;SAÚDE BRB - CAIXA DE ASSISTÊNCIA;Autogestão;DF;253514248,19;5070284,96;13456882,49
415693;POLICLIN SAÚDE S/A.;Medicina de Grupo;SP;248481256,61;4517841,03;15225273,40
346209;UNIMED EXTREMO SUL COOPERATIVA DE TRABALHO MÉDICO;Cooperativa Médica;BA;245520341,83;1888618,01;2920603,09
318388;UNIMED DE SÃO ROQUE - COOPERATIVA DE TRABALHO MÉDICO;Cooperativa Médica;SP;245010589,07;2450105,89;4643609,52
418285;FUNDAÇÃO FIAT SAÚDE E BEM ESTAR;Autogestão;MG;243461950,87;17390139,35;25516659,94
361615;UNIMED DE PARANAGUÁ COOPERATIVA DE TRABALHO MÉDICO;Cooperativa Médica;PR;243445662,56;3005502,01;4834512,41
311618;UNIMED MISSÕES/RS - COOPERATIVA DE ASSISTÊNCIA À SAÚDE LTDA.;Cooperativa Médica;RS;242992324,54;2670245,32;3848036,51
385255;UNIHOSP SAÚDE LTDA;Medicina de Grupo;SP;241133786,26;16075585,75;23584793,44
330108;UNIMED CURVELO COOPERATIVA DE TRABALHO MÉDICO LTDA.;Cooperativa Médica;MG;241052726,99;1317228,02;3502509,77
318566;UNIMED METROPOLITANA DO AGRESTE - COOPERATIVA DE TRABALHO MÉDICO;Cooperativa Médica;AL;237706613,72;1980888,45;3776057,92
328537;MED-TOUR ADMINISTRADORA DE BENEFÍCIOS E EMPREENDIMENTOS LTDA.;Medicina de Grupo;SP;236903882,86;8774217,88;16866348,62
330566;UNIMED RESENDE COOPERATIVA DE TRABALHO MÉDICO;Cooperativa Médica;RJ;234999631,78;2865849,17;4984415,06
422053;ASSOCIAÇÃO FCA SAÚDE;Autogestão;MG;233950300,90;15596686,73;24081012,97
331651;UNIMED ARAXÁ COOPERATIVA DE TRABALHO MÉDICO LTDA.;Cooperativa Médica;MG;232943637,83;1863549,10;3188904,17
304468;UNIMED BARRA DO GARÇAS - COOPERATIVA DE TRABALHO MÉDICO;Cooperativa Médica;MT;232459538,29;1383687,73;2654414,83
324566;UNIMED DE CATALÃO COOPERATIVA DE TRABALHO MÉDICO;Cooperativa Médica;GO;232173654,81;2345188,43;6338125,19
312592;UNIMED NORTE FLUMINENSE COOPERATIVA DE TRABALHO MEDICO;Cooperativa Médica;RJ;230226113,73;3069681,52;4869504,12
300136;UNIMED LITORAL SUL/RS - COOPERATIVA DE ASSISTÊNCIA À SAÚDE LTDA.;Cooperativa Médica;RS;228172548,69;1170115,63;2718801,90
323357;UNIMED CABO FRIO COOPERATIVA TRABALHO MÉDICO LTDA.;Cooperativa Médica;RJ;224393768,83;3116580,12;7134813,04
356476;SIM - CAIXA DE ASSISTÊNCIA À SAÚDE;Autogestão;SC;224285881,23;8626380,05;19964990,10
316873;CAIXA DE ASSISTENCIA A SAUDE DA UNIVERSIDADE;Autogestão;MG;224137761,92;6226048,94;17525764,55
342343;UNIMED DE PINDAMONHANGABA - COOPERATIVA TRABALHO MEDICO;Cooperativa Médica;SP;221672264,18;1198228,46;4893402,13
336831;IRMANDADE SANTA CASA DE MISERICÓRDIA DE MARINGÁ;Filantropia;PR;221153907,11;3566998,50;6713328,04
386596;CENTRAL REGIONAL DAS COOPERATIVAS MÉDICAS - UNIMED CERRADO;Cooperativa Médica;GO;218104275,58;3407879,31;8240779,64
304395;UNIMED INCONFIDENTES COOPERATIVA DE TRABALHO MÉDICO LTDA.;Cooperativa Médica;MG;216377855,37;1731022,84;3676489,33
417297;ELOSAÚDE - ASSOCIAÇÃO DE ASSISTÊNCIA À SAÚDE;Autogestão;SC;216197935,97;4157652,61;9620609,95
419141;ASSOCIAÇÃO SÃO FRANCISCO VIDA;Medicina de Grupo;SP;214650655,05;7155021,84;15539390,75
320862;UNIMED DE PARANAVAÍ COOPERATIVA DE TRABALHO MÉDICO;Cooperativa Médica;PR;213188138,22;2244085,67;3332532,93
301744;UNIMED MEIO OESTE CATARINENSE COOPERATIVA DE TRABALHO MÉDICO;Cooperativa Médica;SC;211231600,72;1167025,42;2490084,69
311961;UNIMED DE MANAUS COOP. DO TRABALHO MÉDICO LTDA;Cooperativa Médica;AM;209773599,43;4370283,32;10330984,94
318299;BENEFICENCIA CAMILIANA DO SUL;Filantropia;SP;209505152,72;7224315,61;16205133,02
406554;ASSOCIAÇÃO ADVENTISTA NORTE BRASILEIRA DE PREVENÇÃO E ASSISTÊNCIA A SAÚDE;Filantropia;PA;207945240,66;13863016,04;13562048,96
417947;ASSOCIAÇÃO DA SANTA CASA SAÚDE DE RIBEIRÃO PRETO;Medicina de Grupo;SP;207609473,25;5931699,24;8047794,79
305472;UNIMED REGIONAL SUL GOIAS COOP. DE TRABALHO MÉDICO LTDA;Cooperativa Médica;GO;206845760,49;2757943,47;5521295,12
358096;UNIMED APUCARANA COOPERATIVA DE TRABALHO MÉDICO;Cooperativa Médica;PR;205464134,29;2417225,11;4410142,14
334154;UNIMED DE CAÇAPAVA - COOPERATIVA DE TRABALHO MEDICO;Cooperativa Médica;SP;202118597,76;1098470,64;2343239,16
372561;UNIMED ALTO VALE - COOPERATIVA DE TRABALHO MÉDICO;Cooperativa Médica;SC;199544068,12;871371,48;2081437,05
414352;HBC SAÚDE LTDA.;Medicina de Grupo;SP;198288372,63;11016020,70;13812760,89
305227;UNIMED OESTE DO PARANA - COOPERATIVA DE TRABALHO MEDICO;Cooperativa Médica;PR;196066676,41;980333,38;2210927,65
307751;FUNDAÇAO COMPESA DE PREVIDENCIA E ASSISTENCIA - COMPESAPREV;Autogestão;PE;195340940,71;5919422,45;17127061,43
325031;UNIMED DE LENÇOIS PAULISTA - COOPERATIVA DE TRABALHO MÉDICO;Cooperativa Médica;SP;193573895,24;1843560,91;4522711,79
357022;UNIMED ERECHIM - COOPERATIVA DE SERVIÇOS DE SAÚDE LTDA.;Cooperativa Médica;RS;190786343,13;1445351,08;2471867,90
365777;UNIMED NOROESTE DO PARANÁ COOP DE TRABALHO MÉDICO .;Cooperativa Médica;PR;190562630,67;1500493,15;3271243,46
318213;COOPERATIVA DE TRABALHO MEDICO REGIÃO DO PLANALTO SERRANO;Cooperativa Médica;SC;189163181,48;753638,17;2164018,68
418803;ASSOCIAÇÃO SANTA CASA SAÚDE DE ARAÇATUBA;Medicina de Grupo;SP;188933698,08;2624079,14;5046283,71
342386;UNIMED REGIONAL DE TRES LAGOAS COOPERATIVA DE TRABALHO MÉDICO;Cooperativa Médica;MS;188220491,96;1622590,45;7236903,84
309087;UNIMED BARBACENA - COOPERATIVA DE TRABALHO MÉDICO LTDA;Cooperativa Médica;MG;186400170,23;1845546,24;3656140,67
347655;IRMANDADE DA SANTA CASA DE MISERICÓRDIA DE RIO CLARO;Filantropia;SP;185035529,25;2229343,73;5553998,37
304344;UNIMED PARÁ DE MINAS COOPERATIVA DE TRABALHO MÉDICO LTDA.;Cooperativa Médica;MG;184444866,20;1308119,62;2494125,44
359289;UNIMED VALE DO AÇO COOPERATIVA DE TRABALHO MÉDICO;Cooperativa Médica;MG;182701288,83;2342324,22;5178806,29
335754;ASSOCIAÇÃO DOS SERVIDORES FISCAIS DO ESTADO DA BAHIA;Autogestão;BA;182281155,89;7010813,69;16772738,64
304131;ASSOCIAÇÃO BENEFICENTE DE ASSISTÊNCIA A SAÚDE DOS JUÍZES DO TRABALHO DA 15ª REGIÃO (ABAS 15);Autogestão;SP;182142340,29;13010167,16;22256306,95
415014;UNIMED OS BANDEIRANTES COOPERATIVA DE TRABALHO MÉDICO;Cooperativa Médica;SP;181384044,44;1474667,03;3707144,16
368148;UNIMED MURIAÉ COOPERATIVA DE TRABALHO MEDICO LTDA;Cooperativa Médica;MG;181048139,37;3481694,99;7008252,45
327557;CAIXA ASSISTENCIAL E BENEFICENTE DOS FUNCIONÁRIOS DA ACARESC;Autogestão;SC;180821337,32;6697086,57;15331863,82
420158;ASSOCIAÇÃO PADRE ALBINO SAÚDE;Medicina de Grupo;SP;179748132,62;9986007,37;12760129,76
350699;CENTRO HOSPITALAR ATIBAIA LTDA.;Medicina de Grupo;SP;179642797,77;14970233,15;25327593,30
354279;UNIMED DE LINS - COOPERATIVA DE TRABALHOS MÉDICOS;Cooperativa Médica;SP;179323057,85;1358508,01;2504904,33
320897;UNIMED CENTRO SUL FLUMINENSE COOPERATIVA DE TRABALHO MÉDICO;Cooperativa Médica;RJ;178983714,82;1688525,61;3047118,28
401081;AMESC - ASSOCIAÇÃO MÉDICA ESPÍRITA CRISTÃ;Medicina de Grupo;RJ;177559551,29;3859990,25;8951816,50
311359;FUNDAÇÃO DE SAÚDE ITAIGUAPY;Medicina de Grupo;PR;176997308,14;5363554,79;12368661,88
340251;UNIMED EXTREMO OESTE CATARINENSE COOPERATIVA DE TRABALHO MÉDICO;Cooperativa Médica;SC;176600963,07;1044976,11;2196028,51
323926;UNIMED SÃO JOÃO DEL REI - COOPERATIVA DE TRABALHO MÉDICO;Cooperativa Médica;MG;176175147,04;1174500,98;2286173,75
335517;UNIMED ITABIRA COOPERATIVA DE TRABALHO MÉDICO;Cooperativa Médica;MG;174663478,99;4478550,74;5535571,62
358053;SELECT OPERADORA DE PLANO DE SAUDE LTDA;Medicina de Grupo;GO;173089443,32;8654472,17;17129624,20
329886;UNIMED DE JABOTICABAL COOP. DE TRABALHO MÉDICO;Cooperativa Médica;SP;172687587,31;1528208,74;3079938,01
352314;UNIMED JOÃO MONLEVADE COOPERATIVA DE TRABALHO MÉDICO LTDA.;Cooperativa Médica;MG;171835955,68;1456236,91;3858999,83
361941;UNIMED DE TATUI - COOPERATIVA DE TRABALHO MÉDICO;Cooperativa Médica;SP;170017315,58;1250127,32;2179631,80
345458;UNIMED LAVRAS COOPERATIVA DE TRABALHO MÉDICO;Cooperativa Médica;MG;168914755,23;870694,61;2696714,15
385620;UNIMED DE LORENA COOPERATIVA DE TRABALHO MÉDICO;Cooperativa Médica;SP;167574830,90;1509683,16;5202898,71
359122;CAIXA DE ASSISTÊNCIA DOS SERVIDORES FAZENDÁRIOS ESTADUAIS;Autogestão;CE;167489056,66;13957421,39;26342732,18
368920;AGROS - INSTITUTO UFV DE SEGURIDADE SOCIAL;Autogestão;MG;162542235,31;5418074,51;15133048,13
352179;UNIMED FRONTEIRA NOROESTE/RS - COOPERATIVA DE ASSISTÊNCIA À SAÚDE LTDA.;Cooperativa Médica;RS;161498356,01;949990,33;2466012,38
416738;OESTE SAÚDE ASSISTÊNCIA A SAÚDE SUPLEMENTAR S.A;Medicina de Grupo;SP;160639393,11;4589696,95;7838435,56
366064;UNIMED NORTE PIONEIRO - COOPERATIVA DE TRABALHO MÉDICO;Cooperativa Médica;PR;160537041,37;1672260,85;3256838,02
382540;ASSOCIAÇÃO BENEFICENTE DOS PROFESSORES PÚBLICOS ATIVOS E INATIVOS DO RIO DE JANEIRO - APPAI;Medicina de Grupo;RJ;159229813,43;26538302,24;25974236,35
421341;CAIXA DE ASSISTÊNCIA À SAÚDE DOS SERVIDORES PÚBLICOS DO ESTADO DO MATO GROSSO DO SUL;Autogestão;MS;158324022,19;6596834,26;11642914,44
363855;CAIXA DE ASSISTÊNCIA DOS EMPREGADOS DA SANEAGO;Autogestão;GO;157406007,82;17489556,42;27613288,47
330809;FUNDAÇÃO DE SEGURIDADE SOCIAL DA ARCELORMITTAL BRASIL - FUNSSEST;Autogestão;ES;154395998,75;14035999,89;23627878,19
354325;UNIMED ARAGUARI COOPERATIVA DE TRABALHO MÉDICO;Cooperativa Médica;MG;153943599,67;1466129,52;3306784,40
414930;SAÚDE SANTA TEREZA LTDA.;Medicina de Grupo;SP;153604162,91;6400173,45;11624518,90
318477;OPERADORA UNICENTRAL DE PLANOS DE SAÚDE LTDA.;Medicina de Grupo;SP;151654074,60;3610811,30;6855463,33
417599;ASSOCIAÇAO DOS FUNCIONARIOS PUBLICOS DO ESTADO DO RIO GRANDE DO SUL;Filantropia;RS;150835034,39;4189862,07;8189838,50
406481;METLIFE PLANOS ODONTOLÓGICOS LTDA.;Odontologia de Grupo;SP;148106532,03;9873768,80;15749879,40
421197;SANTA CASA DE MAUÁ SAÚDE;Medicina de Grupo;SP;147531900,01;12294325,00;18160858,30
301060;UNIMED ITUIUTABA COOPERATIVA TRABALHO MÉDICO LTDA.;Cooperativa Médica;MG;144982473,82;1081958,76;2322977,32
422070;ELETROS SAÚDE - ASSOCIAÇÃO DE ASSISTÊNCIA À SAÚDE;Autogestão;RJ;144544094,76;3212090,99;7405687,89
337498;UNIMED TRÊS RIOS COOPERATIVA DE TRABALHO MÉDICO;Cooperativa Médica;RJ;143732325,46;1382041,59;2882102,32
322831;UNIMED ITAJUBA COOPERATIVA DE TRABALHO MEDICO;Cooperativa Médica;MG;143614657,64;1367758,64;4047163,60
324159;UNIMED ALTA MOGIANA COOPERATIVA DE TRABALHO MÉDICO;Cooperativa Médica;SP;142850890,11;1373566,25;2806944,91
356581;UNIMED ITAÚNA COOPERATIVA DE TRABALHO MÉDICO LTDA.;Cooperativa Médica;MG;142062757,08;830776,36;2755127,57
325236;ASSISTÊNCIA MÉDICA SÃO MIGUEL LTDA;Medicina de Grupo;SP;142014083,89;11834506,99;13980781,32
422398;SAMI ASSISTÊNCIA MÉDICA LTDA;Medicina de Grupo;SP;141655650,89;10118260,78;18596470,07
355577;UNIMED DE GUARATINGUETA-COOPERATIVA DE TRABALHO MÉDICO;Cooperativa Médica;SP;139374618,50;2284829,81;3778572,07
313084;COOPERATIVA DE TRABALHO MEDICO DE ARAGUAÍNA - UNIMED ARAGUAÍNA;Cooperativa Médica;TO;138771410,38;566413,92;1501506,12
361461;VIVACOM PLANOS DE SAÚDE;Autogestão;GO;138628051,42;4332126,61;9344963,96
416801;UNIMED SAÚDE E ODONTO S.A;Medicina de Grupo;SP;138033964,54;11502830,38;13385435,84
335541;UNIMED VALE DAS ANTAS, RS - COOPERATIVA DE ASSISTÊNCIA À SAÚDE LTDA.;Cooperativa Médica;RS;136923002,54;1342382,38;3345309,83
343331;CAIXA DE ASSISTÊNCIA DOS EMPREGADOS DO SISTEMA FINANCEIRO BANESTES;Autogestão;ES;136502854,02;9100190,27;13124240,79
362140;UNIMED OESTE DO PARÁ - COOPERATIVA DE TRABALHO MÉDICO;Cooperativa Médica;PA;136042176,96;9069478,46;10865581,83
315265;PARANA ASSISTENCIA MEDICA LTDA;Medicina de Grupo;PR;135447617,94;1907712,93;5807543,52
353027;UNIMED SUL PAULISTA - COOPERATIVA DE TRABALHO MÉDICO;Cooperativa Médica;SP;134336664,54;1370782,29;2979549,49
343064;GARANTIA DE SAÚDE LTDA;Medicina de Grupo;SP;134283122,56;7460173,48;12555907,48
422771;TEMPO MED PLANO DE SAUDE LTDA;Medicina de Grupo;SC;133639690,18;2227328,17;4562897,27
423661;NOVA SAÚDE OPERADORA INTEGRADA DE SAÚDE LTDA;Medicina de Grupo;RJ;133074576,79;14786064,09;23965754,40
416690;ASSOCIAÇÃO DE ASSISTÊNCIA À SAÚDE DA AMAGIS;Autogestão;MG;132683142,21;7371285,68;11795499,28
319422;IRMANDADE DA SANTA CASA DE MISERICORDIA DE LIMEIRA;Filantropia;SP;132507259,48;2944605,77;5341205,32
338346;SULMED - ASSISTÊNCIA MÉDICA LTDA;Medicina de Grupo;RS;130735624,71;2466709,90;8134060,34
395480;ESMALE ASSISTENCIA INTERNACIONAL DE SAUDE LTDA.;Medicina de Grupo;AL;130389989,32;14487776,59;12734727,02
317012;COOPERATIVA DE TRABALHO MÉDICO DO PLANALTO NORTE DE SANTA CATARINA LTDA;Cooperativa Médica;SC;128215391,16;708372,33;1323307,52
350494;UNIODONTO DE CAMPINAS COOPERATIVA ODONTOLÓGICA;Cooperativa odontológica;SP;127615844,25;4253861,48;7163176,48
303178;UNIMED DE SOBRAL SOCIEDADE COOPERATIVA MÉDICA LTDA;Cooperativa Médica;CE;127147663,32;2399012,52;3346028,51
422681;GOCARE PLANOS DE SAUDE LTDA;Medicina de Grupo;SP;125063301,71;2552312,28;5101892,86
419486;PLADISA PLANOS DE SAÚDE SA;Medicina de Grupo;SC;123006265,40;2562630,53;7783781,64
422321;ASSOCIAÇÃO DE SAÚDE DO VALE;Medicina de Grupo;SC;122362738,43;10196894,87;12088732,63
343463;PLAMED PLANO DE ASSISTENCIA MEDICA LTDA;Medicina de Grupo;SE;121171687,29;13463520,81;12709707,83
421731;AMHE MED ASSISTENCIA A SAUDE LTDA - EPP;Medicina de Grupo;SP;120612567,03;8040837,80;12674819,60
416495;MATÃO CLINICAS & AMHMA SAÚDE LTDA;Medicina de Grupo;SP;119066504,46;2533329,88;5438792,01
421766;BEST SENIOR OPERADORA DE SAÚDE LTDA;Medicina de Grupo;ES;117719337,13;3923977,90;8803998,21
417815;SUL AMÉRICA ODONTOLÓGICO S/A;Odontologia de Grupo;SP;117621971,37;2940549,28;5311179,66
414573;UNIMED CENTRO PAULISTA - FEDERAÇÃO INTRAFEDERATIVA DAS COOPERATIVAS MÉDICAS;Cooperativa Médica;SP;117230072,66;6170003,82;10020661,72
301728;PRONTOMED PLANOS DE SAÚDE LTDA;Medicina de Grupo;MG;116706968,18;2431395,17;7189124,53
410292;FUNDACAO LEONOR DE BARROS CAMARGO;Filantropia;SP;116706558,40;6483697,69;9312641,54
303844;UNIMED DE ANDRADINA - COOPERATIVA DE TRABALHO MÉDICO;Cooperativa Médica;SP;116480969,84;946999,75;1368764,39
414905;VITA ASSISTÊNCIA A SAÚDE LTDA.;Medicina de Grupo;MG;116115881,08;2276781,98;4849403,18
318035;UNIMED GUAXUPÉ COOPERATIVA DE TRABALHO MEDICO;Cooperativa Médica;MG;116073569,55;784280,88;1423399,86
418731;ASSOCIAÇÃO DE SAÚDE DOS FORNECEDORES DE CANA DE PIRACICABA E REGIÃO;Medicina de Grupo;SP;115422240,27;5496297,16;7856538,85
355593;UNIMED PATROCÍNIO COOPERATIVA DE TRABALHO MÉDICO LTDA.;Cooperativa Médica;MG;114894954,68;1914915,91;3440195,88
314251;CAIXA ASSISTENCIAL UNIVERSITÁRIA DO RIO GRANDE DO NORTE;Autogestão;RN;114601180,61;5457199,08;9887583,12
365238;UNIMED DE IBITINGA COOPERATIVA DE TRABALHO MÉDICO;Cooperativa Médica;SP;114084890,03;1462626,80;2584111,40
412295;CAIXA DE ASSISTÊNCIA À SAUDE DOS EMPREGADOS DA CODEVASF - CASEC;Autogestão;DF;113371198,47;14171399,81;19788241,05
394734;AMEPLAN ASSISTÊNCIA MÉDICA PLANEJADA LTDA;Medicina de Grupo;SP;113220482,56;4354633,94;7312194,74
417955;ASSOCIAÇÃO DE ASSISTÊNCIA MÉDICO HOSPITALAR DOS MAGISTRADOS DO ESTADO DO PARANÁ;Autogestão;PR;111974923,48;7464994,90;7229960,42
370088;UNIMED SÃO LOURENÇO COOPERATIVA DE TRABALHO MÉDICO;Cooperativa Médica;MG;111749913,19;770689,06;1749891,62
343684;UNIMED ALTO DA SERRA - SOCIEDADE COOPERATIVA DE SERVIÇO MÉDICO LTDA.;Cooperativa Médica;RS;111428711,46;1125542,54;1910416,07
346951;UNIMED CAÇADOR COOPERATIVA DE TRABALHO MÉDICO DA REGIÃO DO CONTESTADO;Cooperativa Médica;SC;110738850,29;1287661,05;2583893,87
323055;UNIMED NORTE PAULISTA - COOPERATIVA DE TRABALHO MÉDICO;Cooperativa Médica;SP;109861978,62;722776,18;1246767,41
304123;UNIMED DE AVARÉ COOPERATIVA DE TRABALHO MÉDICO;Cooperativa Médica;SP;109521397,29;805304,39;1346457,14
311146;UNIMED COSTA VERDE RJ;Cooperativa Médica;RJ;109226275,76;1654943,57;2541023,35
345091;SANTA CASA DE MISERICORDIA DE SAO JOAQUIM DA BARRA;Filantropia;SP;108971377,58;1878816,85;3564686,53
417211;ASSOCIAÇÃO MINEIRA DE ASSISTÊNCIA À SAÚDE DOS MEMBROS DO MINISTÉRIO PÚBLICO;Autogestão;MG;108597203,43;15513886,20;17236668,06
417661;CAIXA DE ASSISTÊNCIA À SAÚDE DO SINDICATO DOS FUNCIONÁRIOS INTEGRANTES DO GRUPO OCUPACIONAL ADMINISTRAÇÃO TRIBUTÁRIA DO ESTADO DE PERNAMBUCO;Autogestão;PE;107477510,29;4478229,60;11275118,65
319180;SÃO DOMINGOS SAÚDE- ASSISTÊNCIA MÉDICA  LTDA;Medicina de Grupo;SP;107464992,25;2985138,67;6065341,47
345776;UNIMED DE BIRIGUI - COOPERATIVA DE TRABALHO MÉDICO;Cooperativa Médica;SP;106107221,63;702696,83;1787501,68
420000;ASSOCIAÇÃO DO PLANO DE SAÚDE DA SANTA CASA DE MISERICÓRDIA DE ITABUNA - PLANSUL;Medicina de Grupo;BA;105919981,76;1795253,93;3337245,85
418587;AMHA SAUDE S/A;Medicina de Grupo;SP;105253852,30;3007252,92;7378908,95
348261;UNIMED ALTO SÃO FRANCISCO COOPERATIVA DE TRABALHO MÉDICO;Cooperativa Médica;MG;105105044,97;705402,99;1835068,93
378216;FUNDAÇÃO LIBERTAS DE SEGURIDADE SOCIAL;Autogestão;MG;104946030,63;2690923,86;8505459,18
321087;UNIMED MARQUES DE VALENÇA COOPERATIVA DE TRABALHO MÉDICO LTDA.;Cooperativa Médica;RJ;104614173,87;1394855,65;1831471,18
352586;SISTEMAS E PLANOS DE SAÚDE LTDA.;Medicina de Grupo;SP;103937544,18;9448867,65;15411356,45
358754;CAIXA DE ASSISTÊNCIA DOS FUNCIONÁRIOS DO BANCO DA AMAZÔNIA - CASF;Autogestão;PA;103742886,96;2593572,17;6182888,25
360414;UNIMED NOROESTE FLUMINENSE - COOPERATIVA DE TRABALHO MÉDICO LTDA;Cooperativa Médica;RJ;103306207,58;3443540,25;5487880,45
416398;HOSPITAIS E CLÍNICAS DO PIAUÍ S/S LTDA;Medicina de Grupo;PI;102931097,99;3812262,89;6090993,52
418919;ASSOCIAÇÃO SAÚDE SÃO JOSÉ;Medicina de Grupo;SC;100029178,73;1695409,81;5177000,78
419427;INSTITUIÇÃO BENEFICENTE CEL MASSOT - IBCM;Autogestão;RS;98913688,97;4121403,71;6191895,10
403962;SÃO FRANCISCO ASSISTÊNCIA MÉDICA LTDA;Medicina de Grupo;PE;97870907,35;5437272,63;6005626,18
419150;ASSOCIAÇÃO MAIS SAÚDE SANTA CASA DE SÃO JOÃO DA BOA VISTA;Medicina de Grupo;SP;96593314,10;5366295,23;8016215,47
304484;DENTAL UNI - COOPERATIVA ODONTOLÓGICA;Cooperativa odontológica;PR;92725327,44;5151407,08;6064725,56
358282;UNIMED NORTE DO PARANÁ COOPERATIVA REGIONAL DE TRABALHO MÉDICO;Cooperativa Médica;PR;92695628,98;696959,62;1408580,59
406945;ASSOCIAÇÃO POLICIAL DE ASSISTÊNCIA À SAÚDE DE BAURU;Autogestão;SP;92533143,06;7711095,26;13510704,57
370975;UNIMED VALE DO JAURU COOPERATIVA DE TRABALHO MÉDICO;Cooperativa Médica;MT;91921086,48;1107482,97;2846714,70
324175;UNIMED SUDOESTE DE MINAS COOPERATIVA DE TRABALHO MÉDICO;Cooperativa Médica;MG;91806477,45;1080076,21;2853191,84
421006;ASSOCIAÇÃO SÃO LUIZ SAÚDE;Medicina de Grupo;SP;91717430,84;3057247,69;6480458,07
362573;UNIMED DE UBA COOPERATIVA DE TRABALHO MEDICO;Cooperativa Médica;MG;91497351,63;709281,80;1731106,41
343676;SAMOC S.A. - SOCIEDADE ASSISTENCIAL MÉDICA E ODONTO CIRÚRGICA;Medicina de Grupo;RJ;91474158,13;3387931,78;6163704,71
320820;CAIXA DE ASSISTÊNCIA SISTEMA SAÚDE INTEGRAL-SSI SAUDE;Autogestão;RS;90630838,01;12947262,57;13875303,08
419052;AMAZÔNIA PLANOS DE SAÚDE LTDA;Medicina de Grupo;PA;90607567,52;6040504,50;10184293,59
421944;ÚNICA ASSISTENCIA MEDICA LTDA;Medicina de Grupo;SP;90035865,85;15005977,64;17402070,88
333808;IRMANDADE DE MISERICÓRDIA DO HOSPITAL DA SANTA CASA DE MONTE ALTO;Filantropia;SP;89978220,51;2726612,74;4308869,58
301124;UNIMED GURUPI COOPERATIVA DE TRABALHO MÉDICO;Cooperativa Médica;TO;89768742,44;606545,56;1130997,33
363286;UNIMED DE TAUBATÉ COOPERATIVA DE TRABALHO MÉDICO;Cooperativa Médica;SP;89639093,62;953607,38;2327361,23
418820;CAIXA DE ASSISTÊNCIA AOS MEMBROS DA DEFENSORIA PÚBLICA DO ESTADO DO RIO DE JANEIRO;Autogestão;RJ;88942954,15;4447147,71;6063199,71
333875;IRMANDADE DA SANTA CASA DE MISERICÓRDIA DE PASSOS;Filantropia;MG;87298069,51;1647133,39;2949189,80
416584;ASSOCIAÇÃO FUNDO DE PROTEÇÃO À SAÚDE;Autogestão;PR;87200555,69;4844475,32;8032178,02
366340;UNIMED DE CAPIVARI -COOPERATIVA DE TRABALHO MÉDICO;Cooperativa Médica;SP;86466231,02;514679,95;1353290,34
411582;PLANO DE SAUDE ASES LTDA.;Medicina de Grupo;RJ;86378293,46;2056626,03;4158580,88
364592;LEADER ASSISTÊNCIA MÉDICA E HOSPITALAR LTDA.;Medicina de Grupo;SP;85394287,78;28464762,59;10439326,99
315494;UNIMED NOROESTE DE MINAS COOPERATIVA DE TRABALHO MEDICO LTDA;Cooperativa Médica;MG;83303367,25;800993,92;1782019,46
315648;UNIMED CATAGUASES COOPERATIVA DE TRABALHO MÉDICO LTDA;Cooperativa Médica;MG;81983516,55;493876,61;952368,28
359033;UNIMED TRÊS CORAÇÕES COOPERATIVA DE TRABALHO MÉDICO LTDA.;Cooperativa Médica;MG;81876413,85;852879,31;1714634,80
423319;ANAFE SAUDE;Autogestão;GO;81122122,60;4506784,59;9970871,73
357715;UNIMED DE MINEIROS COOPERATIVA DE TRABALHO MÉDICO;Cooperativa Médica;GO;81000994,31;880445,59;1753380,71
365530;UNIMED DE TUPA COOPERATIVA DE TRABALHO MÉDICO;Cooperativa Médica;SP;80915783,90;728971,03;1157243,53
347108;UNIMED DE BARRETOS COOPERATIVA DE TRABALHO MÉDICO;Cooperativa Médica;SP;80819958,63;1171303,75;1958718,54
342131;UNIMED VILHENA - COOPERATIVA DE TRABALHO MEDICO LTDA;Cooperativa Médica;RO;80389107,77;1116515,39;1686901,64
320838;UNIMED INTRAFEDERATIVA FEDERAÇÃO REGIONAL SUL DE MINAS;Cooperativa Médica;MG;78708982,99;8745442,55;13539827,43
330281;ASSOCIAÇÃO DOS AUDITORES FISCAIS DO ESTADO DA PARAÍBA - AFRAFEP;Autogestão;PB;78567423,02;13094570,50;15142912,70
314242;UNIMED DE PIRASSUNUNGA COOPERATIVA DE TRABALHO MÉDICO;Cooperativa Médica;SP;78566556,75;1309442,61;2347100,67
306754;ASSOCIAÇÃO DOS FUNCIONÁRIOS DO FISCO DO ESTADO DE GOIÁS;Autogestão;GO;77522620,19;7752262,02;11856484,97
353876;UNIMED PONTAL DO TRIÂNGULO - COOPERATIVA DE TRABALHO MÉDICO;Cooperativa Médica;MG;77368063,04;655661,55;1718086,81
347736;UNIMED CARATINGA - COOPERATIVA DE TRABALHO MÉDICO LTDA;Cooperativa Médica;MG;76651297,38;1110888,37;1697303,61
421154;SAÚDE BRASIL ASSISTÊNCIA MÉDICA LTDA.;Medicina de Grupo;SP;76487958,58;5099197,24;5238254,21
415065;MAIS SAÚDE PLANO DE SAÚDE LTDA;Medicina de Grupo;GO;76270201,63;12711700,27;6203120,08
413160;GS PLANO GLOBAL DE SAÚDE LTDA;Medicina de Grupo;RJ;75557174,58;2098810,41;3849912,40
321931;CONFERÊNCIA SÃO JOSÉ DO AVAÍ;Filantropia;RJ;75549922,41;2798145,27;3747333,26
371564;UNIMED FRUTAL COOPERATIVA DE TRABALHO MEDICO LTDA;Cooperativa Médica;MG;75523564,44;363094,06;911578,75
330116;SANTA CASA DE MISERICÓRDIA DE VOTUPORANGA;Filantropia;SP;75500407,37;2435497,01;3873490,41
423335;UNITY SERVIÇOS INTEGRADOS DE SAÚDE LTDA.;Medicina de Grupo;DF;74783103,03;3251439,26;6539117,09
314587;UNIMED VIÇOSA - COOPERATIVA DE TRABALHO MÉDICO;Cooperativa Médica;MG;73730866,40;619587,11;1321416,01
329355;IRMANDADE DE MISERICORDIA DE PORTO FERREIRA;Filantropia;SP;73679846,02;6139987,17;10656737,43
315583;CAIXA DE ASSISTÊNCIA DOS EMPREGADOS DO BANEB;Autogestão;BA;72669812,09;4037211,78;6119480,48
419699;OPERADORA DE PLANOS PRIVADOS DE SAÚDE - SANTA CASA SAÚDE LTDA;Medicina de Grupo;MS;72507211,86;1859159,28;4506525,21
312282;INTERMEDICI PIRACICABA ASSISTENCIA MEDICA LTDA;Medicina de Grupo;SP;71072227,51;1692195,89;3621161,71
393533;ASSOCIAÇÃO DO FISCO DE ALAGOAS;Autogestão;AL;70821580,80;5901798,40;8883286,53
328308;UNIMED DE MOCOCA COOPERATIVA DE TRAB. MÉDICO;Cooperativa Médica;SP;70532702,87;678199,07;1659762,86
308811;UNIMED VALE DO PIQUIRI-COOPERATIVA DE TRABALHO MÉDICO VALE DO PIQUIRI;Cooperativa Médica;PR;69291297,23;888349,96;2008545,77
317896;UNIMED VERTENTE DO CAPARAÓ - COOPERATIVA DE TRABALHO MÉDICO LTDA;Cooperativa Médica;MG;69250943,91;975365,41;1756396,35
362832;UNIMED PLANALTO CENTRAL/RS - COOPERATIVA DE ASSISTÊNCIA  À SAÚDE LTDA.;Cooperativa Médica;RS;67891774,63;881711,36;1278503,04
410128;ASSOCIAÇÃO POLICIAL DE ASSISTÊNCIA À SAÚDE;Autogestão;SP;67830647,73;5652553,98;10744840,94
418617;ASSOCIAÇÃO PARANAENSE DE ASSISTÊNCIA À SAUDE DOS MEMBROS DO MINISTERIO PUBLICO DO PARANÁ;Autogestão;PR;67536650,31;4502443,35;5784954,72
354619;UNIMED DE SAO JOSÉ DO RIO PARDO-COOP. DE TRAB. MÉDICO;Cooperativa Médica;SP;67524417,62;1250452,18;1954137,49
323942;FUNDAÇÃO FILANTRÓPICA E BENEFICENTE DE SAÚDE ARNALDO GAVAZZA FILHO;Filantropia;MG;67182066,51;1083581,72;2471419,56
302627;CAIXA DE ASSISTÊNCIA DOS MAGISTRADOS DE PERNAMBUCO;Autogestão;PE;67106647,43;2033534,77;3870076,06
413330;AMEP FREGUESIA OPERADORA DE PLANO DE SAUDE LTDA;Medicina de Grupo;RJ;66541155,62;2016398,66;5146802,44
393321;UNIMED-RIO COOPERATIVA DE TRABALHO MEDICO DO RIO DE JANEIRO;Cooperativa Médica;RJ;65485414,37;21828471,46;30866729,79
415936;PLANO ODONTOLÓGICO DENTALVIDAS LTDA.;Odontologia de Grupo;SP;64964948,84;5413745,74;10564951,88
419419;BRASILDENTAL OPERADORA DE PLANOS ODONTOLÓGICOS S.A.;Odontologia de Grupo;SP;63785167,89;5315430,66;6830806,59
354996;UNIMED ALFENAS COOPERATIVA DE TRABALHO MEDICO;Cooperativa Médica;MG;62553988,44;710840,78;2065725,61
314781;UNIMED DE DRACENA - COOPERATIVA DE TRABALHO MÉDICO;Cooperativa Médica;SP;62201385,94;411929,71;803419,91
350648;UNIMED REGIÃO DA CAMPANHA/RS - COOPERATIVA DE ASSISTÊNCIA À SAÚDE LTDA.;Cooperativa Médica;RS;61631205,80;497025,85;1148639,17
353698;UNIMED REGIÃO DA PRODUÇÃO/RS - COOPERATIVA DE ASSISTÊNCIA À SAÚDE LTDA;Cooperativa Médica;RS;61411400,01;584870,48;1378449,74
351270;POLI SAUDE OPERADORA DE PLANO DE SAUDE LTDA;Medicina de Grupo;PR;61136771,16;1698243,64;3387294,31
327352;UNIMED SÃO SEBASTIÃO DO PARAÍSO COOPERATIVA DE TRABALHO MÉDICO;Cooperativa Médica;MG;60358599,16;773828,19;1213449,38
313751;UNIODONTO DE SÃO JOSÉ DOS CAMPOS COOPERATIVA DE TRABALHO ODONTOLÓGICO;Cooperativa odontológica;SP;60168652,93;5014054,41;3120791,46
420701;FUNDAÇÃO DE ASSISTÊNCIA À SAÚDE DA ASSOCIAÇÃO DO MINISTÉRIO PÚBLICO DO RIO GRANDE DO SUL;Autogestão;RS;58421076,13;9736846,02;8490596,41
386901;UNIMED LEOPOLDINA COOPERATIVA DE TRABALHO MÉDICO LTDA;Cooperativa Médica;MG;58145648,25;937833,04;1782304,68
352519;UNIMED ALTO JACUÍ/RS - COOPERATIVA DE ASSISTÊNCIA À SAÚDE LTDA;Cooperativa Médica;RS;57379224,94;597700,26;1172439,98
374440;PREVIDENT ASSISTÊNCIA ODONTOLÓGICA S.A;Odontologia de Grupo;SP;57278051,49;3818536,77;4219403,51
311944;UNIMED DE ADAMANTINA-COOPERATIVA DE TRABALHO MÉDICO;Cooperativa Médica;SP;57156270,84;332303,90;654515,27
325465;AMPARA ASSISTÊNCIA MÉDICA PARAÍSO LTDA;Medicina de Grupo;MG;54215297,87;1084305,96;2141166,05
412759;TERRAMAR ADMINISTRADORA DE PLANO DE SAUDE LTDA;Medicina de Grupo;BA;53769153,35;5974350,37;8559488,65
343765;UNIMED CALDAS NOVAS - COOPERATIVA DE TRABALHO MEDICO;Cooperativa Médica;GO;53693619,76;894893,66;1837631,02
335789;CAIXA DE ASSISTÊNCIA DOS EMPREGADOS DO BANESE;Autogestão;SE;53148231,40;5905359,04;9103566,74
408794;ASSOCIAÇÃO POLICIAL DE ASSISTÊNCIA À SAÚDE DE RIBEIRÃO PRETO (APAS);Autogestão;SP;53001580,43;5889064,49;8286358,77
422371;SF SISTEMAS DE SAÚDE LTDA;Medicina de Grupo;SP;52972915,62;4414409,64;5610847,15
000515;ALLIANZ SAÚDE S/A;Seguradora Especializada em Saúde;SP;51936254,83;2885347,49;4396720,40
313971;FEDERAÇÃO DAS SOCIEDADES COOPERATIVAS DE TRABALHO MÉDICO DO ACRE, AMAPÁ, AMAZONAS, PARÁ, RONDONIA E RORAIMA;Cooperativa Médica;AM;51261694,46;3203855,90;3968322,33
419958;ASSOCIAÇÃO PLANO DE SAÚDE SANTA CASA DE VALINHOS;Medicina de Grupo;SP;51019148,82;3401276,59;5169684,79
324299;PLAMER PLANO MEDICO RESENDE LTDA;Medicina de Grupo;RJ;50798694,83;1953795,96;2813278,88
387185;ASSOCIAÇÃO DOS AUDITORES FISCAIS DA RECEITA ESTADUAL DO RIO DE JANEIRO;Autogestão;RJ;50207864,92;3586276,07;4308470,06
311057;UNIMED VALE DO URUCUIA - COOPERATIVA DE TRABALHO MEDICO LTDA;Cooperativa Médica;MG;49377059,65;2743169,98;6304795,23
305626;PRONTOCLINICA E HOSPITAIS SAO LUCAS S/A;Medicina de Grupo;MG;48243606,12;699182,70;1454866,21
330892;ASSOCIAÇÃO SAÚDE CONCEIÇÃO;Medicina de Grupo;SC;47875923,23;1773182,34;4794575,75
336467;UNIMED PATOS - COOPERATIVA DE TRABALHO MÉDICO;Cooperativa Médica;PB;47638550,40;732900,78;1845375,82
410888;FILOSANITAS SAUDE LTDA;Medicina de Grupo;SP;47390800,28;1822723,09;2494956,36
412058;SBC SAÚDE LTDA.;Medicina de Grupo;SP;47302717,37;2252510,35;4417994,62
321320;IRMANDADE DA SANTA CASA DE MISERICÓRDIA E MATERNIDADE DONA ZILDA SALVAGNI;Filantropia;SP;46880520,58;5208946,73;2257461,52
364070;UNIMED TRÊS PONTAS - COOPERATIVA DE TRABALHO MÉDICO;Cooperativa Médica;MG;46279310,79;373220,25;1113261,65
413721;SOCIEDADE BENEFICENTE DEZOITO DE JULHO;Medicina de Grupo;MG;46245657,62;3853804,80;4306202,21
309524;UNIMED DE MONTE ALTO - COOPERATIVA DE TRABALHO MÉDICO;Cooperativa Médica;SP;45907703,21;588560,30;1104945,90
343129;ASSOCIACAO DOS PROFESSORES UNIVERSITÁRIOS DA BAHIA;Autogestão;BA;45724615,39;2286230,77;4310073,75
384704;ASSOCIAÇÃO DOS EMPREGADOS DA COMPANHIA ESTADUAL DE HABITAÇÃO E OBRAS PÚBLICAS - ASSEC;Autogestão;SE;45557752,58;6508250,37;8708592,76
368555;UNIODONTO BELÉM - COOPERATIVA DE ASSISTÊNCIA À SAÚDE ODONTOLÓGICA;Cooperativa odontológica;PA;45453179,27;1683451,08;2187819,92
302228;UNIMED VALE DO CORUMBÁ COOPERATIVA DE TRABALHO MEDICO;Cooperativa Médica;GO;45236148,47;807788,37;1796485,60
328375;UNIMED REGIÃO DA FRONTEIRA - RS COOPERATIVA DE ASSISTÊNCIA À SAÚDE LTDA.;Cooperativa Médica;RS;44732045,26;621278,41;1179406,47
329665;FUNDACAO CAPITAL PREVIDENCIA E SAUDE - CAPITAL PREV;Autogestão;ES;44591176,71;2346904,04;4267451,88
344788;UNIMED DE CORUMBA COOPERATIVA DE TRABALHO MÉDICO;Cooperativa Médica;MS;44561299,75;1036309,30;2125870,06
350346;UNIMED CACERES COOPERATIVA DE TRABALHO MÉDICO;Cooperativa Médica;MT;44040480,37;349527,62;720024,62
351776;UNIMED DE REGISTRO COOPERATIVA DE TRABALHO MÉDICO;Cooperativa Médica;SP;43718937,15;2428829,84;3023636,02
414212;ASSOCIAÇÃO POLICIAL DE ASSISTÊNCIA À SAÚDE DE ARAÇATUBA (APAS);Autogestão;SP;43619201,24;3634933,44;6932163,22
323004;UNIMED DE PENAPOLIS - COOPERATIVA DE TRABALHO MEDICO;Cooperativa Médica;SP;43571952,78;298438,03;626503,28
422827;TRINO - ALIANCA FILANTRÓPICA DE ASSISTÊNCIA E INTEGRAÇÃO PARA O DESENVOLVIMENTO DA SAUDE;Medicina de Grupo;ES;43168319,08;3924392,64;6886056,03
335657;ADVANCE PLANOS DE SAÚDE LTDA;Medicina de Grupo;SP;43161916,91;4795768,55;6149587,98
353264;SANTA CASA DE MISERICORDIA HOSPITAL SÃO VICENTE;Filantropia;SP;42439862,32;1463443,53;3480952,92
410110;ASSOCIAÇÃO POLICIAL DE ASSISTÊNCIA A SAÚDE DA BAIXADA SANTISTA;Autogestão;SP;42196759,14;3516396,60;6616569,07
420786;ASSOCIAÇÃO SANTA CASA CLÍNICAS DE BIRIGUI;Medicina de Grupo;SP;42179284,67;1171646,80;2130461,75
415626;FEDERAÇÃO DAS COOP ODONTOLÓGICAS DO ESTADO DE SANTA CATARINA;Cooperativa odontológica;SC;42115563,08;2339753,50;4274324,83
402206;ASSOCIAÇÃO GOIANA DO MINISTÉRIO PÚBLICO;Autogestão;GO;41967350,13;3497279,18;5223381,40
418137;UNIX SAÚDE S.A;Medicina de Grupo;BA;41840490,34;1394683,01;2257955,34
316458;UNIMED REGIONAL DE FLORIANO - COOPERATIVA DE TRABALHO MÉDICO;Cooperativa Médica;PI;41384636,01;1379487,87;1927326,90
320510;ATÍVIA SERVIÇOS DE SAÚDE S/A;Medicina de Grupo;SP;41183754,04;1647350,16;1195735,87
412252;SV SAUDE ADMINSTRADORES DE PLANO DE SAUDE LTDA;Medicina de Grupo;RJ;40958658,87;1780811,26;4303768,10
406937;ASSOCIAÇÃO POLICIAL DE ASSISTÊNCIA À SAÚDE;Autogestão;SP;40624026,47;2708268,43;3938763,76
327468;UNIMED SUDOESTE PAULISTA COOPERATIVA DE TRABALHO MÉDICO;Cooperativa Médica;SP;39235829,49;440852,02;951755,30
422584;PB ASSISTENCIA MEDICA EU LTDA;Medicina de Grupo;BA;38001110,99;2923162,38;4177516,90
404241;COOPERATIVA DOS USUÁRIOS DE SERVIÇOS DE SAÚDE DO VALE DO RIO DOS SINOS LTDA;Autogestão;RS;37957621,89;4217513,54;6218833,32
401480;EVANGELICO SAUDE LTDA.;Medicina de Grupo;PR;37912531,60;601786,22;1819060,65
402966;BIO SAÚDE SERVIÇOS MÉDICOS LTDA;Medicina de Grupo;SP;37659972,11;2353748,26;4750622,67
343722;UNIMED PONTE NOVA COOPERATIVA DE TRABALHO MEDICO LTDA;Cooperativa Médica;MG;36813536,46;968777,28;1382447,35
423351;AME VVIDA PLANOS DE SAUDE INTEGRADO LTDA.;Medicina de Grupo;RO;36574055,19;7314811,04;7058808,78
310239;PESSOAL SAÚDE PLANOS DE ASSISTÊNCIA MÉDICA LTDA;Medicina de Grupo;SP;36502126,28;4055791,81;5502179,48
413518;CAIXA DE ASSISTÊNCIA DO SINDFISCO - CASSIND;Autogestão;SE;36370505,53;2597893,25;5120413,75
337561;UNIMED VALE DO CARANGOLA COOPERATIVA DE TRABALHO MEDICO LTDA;Cooperativa Médica;MG;36011671,03;923376,18;1087751,54
419516;MAIS SAUDE S/A;Medicina de Grupo;ES;35975543,97;4496943,00;4315837,06
334847;UNIMED DE JATAÍ COOPERATIVA DE TRABALHO MÉDICO LTDA.;Cooperativa Médica;GO;35832138,65;181889,03;403464,91
413372;SOCIEDADE PORTUGUESA DE BENEFICÊNCIA;Filantropia;RS;35498555,13;724460,31;1796298,05
406805;COOPERATIVA DOS USUÁRIOS DE SERVIÇOS DE SAÚDE LTDA.;Medicina de Grupo;RS;35178256,10;1954347,56;3245524,91
412635;ASSOCIAÇÃO VALEPARAIBANA DE ASSISTÊNCIA MÉDICA POLICIAL;Autogestão;SP;34974160,34;11658053,45;3889636,70
357669;DESBAN - FUNDAÇÃO BDMG DE SEGURIDADE SOCIAL;Autogestão;MG;34495979,21;1437332,47;3505185,26
335258;UNIODONTO DE FORTALEZA COOPERATIVA DE TRABALHO ODONTOLOGICO LTDA;Cooperativa odontológica;CE;34494408,32;2029082,84;2358751,36
422762;SANTA CASA DE MISERICÓRDIA E BENEFICÊNCIA PORTUGUESA;Filantropia;SP;33129026,43;2760752,20;3492102,55
344141;UNIMED CAJAZEIRAS - SOCIEDADE COOPERATIVA DE TRABALHO MÉDICO;Cooperativa Médica;PB;32674037,79;2722836,48;4214992,94
327638;UNIMED SÃO JOÃO NEPOMUCENO COOPERATIVA DE TRABALHO MÉDICO LTDA.;Cooperativa Médica;MG;32116558,03;617626,12;970415,02
354678;UNIMED MACHADO COOPERATIVA DE TRABALHO MEDICO;Cooperativa Médica;MG;32075172,13;364490,59;683691,15
341941;HOSPITAL DE PRONTOCLINICA LTDA.;Medicina de Grupo;RS;32034317,08;1525443,67;2425128,15
344451;UNIODONTO REGIONAL COOPERATIVA ODONTOLOGICA;Cooperativa odontológica;MG;31864670,96;1180173,00;2055747,38
325082;UNIMED DO OESTE DA BAHIA COOPERATIVA DE TRABALHO MÉDICO;Cooperativa Médica;BA;30821381,49;833010,31;1369358,30
422835;VIDA TOP MAIS SAÚDE OPERADORA DE PLANOS DE SAÚDE LTDA.;Medicina de Grupo;SP;30551795,50;1175069,06;2840113,09
370592;FUNASA SAÚDE;Medicina de Grupo;PB;30367580,68;1518379,03;2092721,58
423629;AURORA SAÚDE LTDA;Medicina de Grupo;MG;30269982,01;3026998,20;3363941,21
333867;ASSOCIAÇAO UNISAUDE MARAU;Medicina de Grupo;RS;30177843,88;1676546,88;2932566,09
321125;UNIODONTO MACEIÓ COOPERATIVA ODONTOLÓGICA;Cooperativa odontológica;AL;29921359,64;4986893,27;5658166,61
342203;UNIODONTO DE SC COOPERATIVA ADMINISTRADORA DE CONTRATOS;Cooperativa odontológica;SC;29879898,01;905451,45;1812660,03
366439;UNIODONTO PORTO ALEGRE COOPERATIVA ODONTOLOGICA LTDA;Cooperativa odontológica;RS;29539713,22;2461642,77;2208479,31
345318;UNIODONTO/RN - COOPERATIVA ODONTOLOGICA DO RIO GRANDE DO NORTE;Cooperativa odontológica;RN;29289543,99;1627196,89;1888284,58
358436;UNIODONTO GOIANIA COOPERATIVA DE CIRURGIÕES DENTISTAS;Cooperativa odontológica;GO;29217103,79;749156,51;1100710,42
423548;TOTAL ASSISTÊNCIA MÉDICA HOSPITALAR LTDA;Medicina de Grupo;MG;29199042,19;4866507,03;3568466,17
413429;UNIDENTIS ASSISTENCIA ODONTOLOGICA LTDA.;Odontologia de Grupo;PB;29196064,20;4866010,70;1998136,97
346004;UNIODONTO PIRACICABA - COOPERATIVA ODONTOLÓGICA;Cooperativa odontológica;SP;28695001,43;1103653,90;2225363,86
420085;SANTA CASA DE SAÚDE - SCS;Medicina de Grupo;ES;28537670,63;815362,02;1531637,81
389358;CARE PLUS ODONTOLOGIA ASSISTENCIAL LTDA.;Odontologia de Grupo;SP;28447559,60;1777972,48;2934726,99
410608;ASSOCIACAO POLICIAL DE ASSISTENCIA A SAUDE DE PRESIDENTE PRUDENTE (APAS);Autogestão;SP;27555899,83;2296324,99;4333081,64
421359;RIO DOCE SAÚDE;Medicina de Grupo;ES;27079799,35;846243,73;2145556,51
422151;ATITUDE SAÚDE ASSISTÊNCIA MEDICA LTDA;Medicina de Grupo;BA;26869399,24;2985488,80;2587360,56
304441;NACIONAL ODONTO OPERADORA DE PLANOS ODONTOLÓGICOS LTDA.;Odontologia de Grupo;PE;26549343,14;4424890,52;2048536,83
342157;UNIMED MORRINHOS COOPERATIVA DE TRABALHO MEDICO;Cooperativa Médica;GO;25994527,99;448181,52;787176,21
367613;UNIMED CAMPO BELO- COOPERATIVA DE TRABALHO MÉDICO;Cooperativa Médica;MG;24872961,72;224080,74;482351,95
409413;ASSOCIAÇÃO POLICIAL DE ASSISTÊNCIA A SAÚDE;Autogestão;SP;22827004,36;2853375,55;4075185,22
304212;ON MED ASSISTÊNCIA MÉDICA LTDA;Medicina de Grupo;RS;22564558,39;1327326,96;2381972,98
418501;FUNDAÇÃO PLAMHUV - PLANO MÉDICO HOSPITALAR DOS HOSPITAIS UNIDOS DE VIÇOSA;Medicina de Grupo;MG;22021778,01;550544,45;1420822,29
420271;R.M.I. OPERADORA DE SAÚDE INTEGRADA LTDA;Medicina de Grupo;SP;22021317,66;3670219,61;2748036,27
310981;ODONTO EMPRESAS CONVENIOS DENTARIOS LTDA.;Odontologia de Grupo;SP;22015664,16;2446184,91;2295525,83
361569;UNIODONTO DE JOÃO PESSOA COOPERATIVA ODONTOLÓGICA;Cooperativa odontológica;PB;21920489,07;1461365,94;1942068,86
314315;UNIODONTO DO BRASIL CENTRAL NACIONAL DAS COOPERATIVAS ODONTÓLOGICAS;Cooperativa odontológica;SP;21618581,06;1801548,42;1520086,68
311391;UNIODONTO DE MANAUS - COOPERATIVA ODONTOLÓGICA LTDA.;Cooperativa odontológica;AM;21499594,14;895816,42;1012068,26
419851;CAIXA DE ASSISTÊNCIA À SAÚDE DOS TRABALHADORES NAS INDÚSTRIAS METALÚRGICAS, MECÂNICAS E DO MATERIAL ELÉTRICO DE BRUSQUE;Autogestão;SC;21480416,27;3580069,38;4178838,15
313475;UNIMED REGIONAL DE PICOS - COOPERATIVA DE TRABALHO MÉDICO;Cooperativa Médica;PI;20973384,56;2097338,46;3297823,07
389854;ODONTOGROUP SISTEMA DE SAÚDE LTDA.;Odontologia de Grupo;DF;20738109,91;2962587,13;3203523,56
411809;SOCIEDADE DE ASSISTÊNCIA MÉDICA - SAMEISA;Autogestão;RS;20678070,35;2297563,37;3321329,24
423718;SUL DO PARÁ LTDA;Medicina de Grupo;PA;20652958,63;5163239,66;3394816,81
343153;UNIMED SOUSA - COOPERATIVA DE TRABALHO MÉDICO;Cooperativa Médica;PB;20159402,14;671980,07;942960,39
414662;VIVENTERIS LTDA;Odontologia de Grupo;PR;20093462,00;1339564,13;2823321,04
361593;UNIODONTO PAULISTA-FEDERAÇÃO DAS COOPERATIVAS ODONTOLÓGICAS DO ESTADO DE SÃO PAULO;Cooperativa odontológica;SP;20038530,09;1431323,58;1345371,32
360783;ASSOCIACAO DE SAUDE HOLAMBRA;Medicina de Grupo;SP;19804339,03;2200482,11;3341914,33
347825;CAIXA ASSISTENCIAL UNIVERSITARIA DO RIO DE JANEIRO;Autogestão;RJ;19716398,56;1314426,57;2712280,58
388092;ASSOCIAÇÃO DOS FUNCIONÁRIOS FISCAIS DO ESTADO DO AMAZONAS - AFFEAM;Autogestão;AM;19492540,62;1624378,39;3011459,12
421871;ANGELI SISTEMAS DE SAUDE S.A.;Medicina de Grupo;PR;19257623,44;917029,69;1718731,74
309028;ASSOCIAÇÃO DOS SERVIDORES MUNICIPAIS, ESTADUAIS E FEDERAIS DO RIO DE JANEIRO;Medicina de Grupo;RJ;18606757,95;2067417,55;2116804,22
334511;UNIMED VALE DO PARAÍBA - FEDERAÇÃO INTRAFEDERATIVA DAS COOPERATIVAS MÉDICAS;Cooperativa Médica;SP;18509054,79;6169684,93;1900204,17
314706;HOSPITAL CESAR LEITE;Filantropia;MG;18433410,83;542159,14;818858,94
408263;ASSOCIAÇÃO POLICIAL DE ASSISTENCIA À SAUDE DE SAO JOAO DA BOA VISTA;Autogestão;SP;17438805,79;2906467,63;3413922,20
363189;HOSPITAL S.P. LTDA.;Medicina de Grupo;RS;17254605,51;1150307,03;1554469,99
410624;CONFIANÇA ASSISTÊNCIA MÉDICO HOSPITALAR LTDA;Medicina de Grupo;MG;17141595,19;1428466,27;2293552,12
322326;ASSOCIAÇÃO BENEFICENTE CATÓLICA;Filantropia;MG;16828337,77;509949,63;530878,99
418226;OPLAN SAÚDE OPERADORA DE PLANO DE SAÚDE LTDA;Medicina de Grupo;RJ;16823072,46;580105,95;1077939,33
347604;UNIODONTO DE AMERICANA COOPERATIVA ODONTOLÓGICA;Cooperativa odontológica;SP;16444561,43;913586,75;1016840,70
402001;SISTEMA TOTAL DE SAÚDE LTDA.;Medicina de Grupo;SP;16042399,78;1069493,32;1267433,07
363391;PLANO ASSISTENCIAL SÃO LUCAS LTDA;Medicina de Grupo;MG;15703811,71;785190,59;1727113,98
416525;PRIMA VIDA ODONTOLOGIA DE GRUPO LIMITADA;Odontologia de Grupo;RJ;15498256,75;815697,72;863569,51
417475;PRONTO SOCORRO CONDE DE MOREIRA LIMA;Medicina de Grupo;SP;15426760,37;321390,84;627989,93
419974;PLAMESC PLANOS DE SAÚDE LTDA;Medicina de Grupo;RJ;14977119,50;998474,63;767858,64
304531;AME-ASSISTÊNCIA MÉDICA A EMPRESAS LTDA;Medicina de Grupo;MG;14756499,16;590259,97;945089,45
414689;FUNDO DE ASSISTÊNCIA À SAÚDE DOS FUNCIONÁRIOS DO BEC;Autogestão;CE;14549612,41;1818701,55;2675783,56
411868;MEDIC GLOBAL PLANOS DE SAÚDE LTDA.;Medicina de Grupo;MG;14479551,60;689502,46;1187574,94
313149;UNIMED DE BATATAIS - COOPERATIVA DE TRABALHO MÉDICO;Cooperativa Médica;SP;14365604,99;276261,63;355258,10
419753;MEDGOLD ASSISTENCIA MEDICA LTDA - ME;Medicina de Grupo;MG;14138316,02;673253,14;888129,44
409634;ASSOCIACAO CIVIL PRÓ-SAÚDE DOS SERVIDORES DA UNIVERSIDADE ESTADUAL DE PONTA GROSSA;Medicina de Grupo;PR;13772291,10;4590763,70;2039537,26
406635;ASSOCIACAO POLICIAL DE ASSISTENCIA A SAUDE DE ITAPETININGA;Autogestão;SP;13749839,58;654754,27;1671766,41
417491;PORTOMED - PORTO SEGURO SERVIÇOS DE SAUDE LTDA;Medicina de Grupo;SP;13514157,06;711271,42;1559387,84
418749;CEDPLAN SAÚDE LTDA EPP;Medicina de Grupo;MG;13368158,00;1114013,17;1019001,39
412996;ORALE ASSISTÊNCIA ODONTOLÓGICA LTDA;Odontologia de Grupo;BA;13352251,06;2225375,18;1363185,60
306045;SANTA CASA DE MISERICÓRDIA DE TUPÃ;Filantropia;SP;13162549,87;877503,32;1105442,50
316997;UNIODONTO DE ARARAQUARA COOPERATIVA ODONTOLÓGICA;Cooperativa odontológica;SP;13161364,94;731186,94;1028356,03
414701;SERVDONTO - PLANO DE ASSISTÊNCIA ODONTOLÓGICA LTDA;Odontologia de Grupo;SE;13105521,54;2184253,59;2400291,92
420981;S1 OPERADORA DE PLANO DE SAÚDE LTDA;Medicina de Grupo;DF;13040620,31;1448957,81;2303704,44
390259;COMSEDER - COOPERATIVA DE ASSISTÊNCIA MÉDICA DOS SERVIDORES DA SUPLAN E DO DER LTDA;Autogestão;PB;12937593,76;2156265,63;1491136,06
422487;VOCÊ TOTAL PLANOS DE SAÚDE LIMITADA;Medicina de Grupo;SP;12840686,41;1284068,64;2014927,03
420123;ASSOCIAÇÃO UNIVIDA SANTA RITA DO PASSA QUATRO;Medicina de Grupo;SP;12663879,91;527661,66;747750,58
305928;NOSAMED ASSISTÊNCIA MÉDICA LTDA.;Medicina de Grupo;SP;12553463,87;597783,99;815387,21
334243;UNIODONTO DE SOROCABA COOPERATIVA ODONTOLÓGICA;Cooperativa odontológica;SP;11876800,58;791786,71;1051088,52
316849;TELOS - FUNDAÇÃO EMBRATEL DE SEGURIDADE SOCIAL;Autogestão;RJ;11861210,63;3953736,88;2053108,71
370568;UNIODONTO UBERABA - COOPERATIVA DE ASSISTÊNCIA À SAÚDE ODONTOLÓGICA LTDA;Cooperativa odontológica;MG;11638219,85;895247,68;1346799,85
421707;PERSONAL CARE OPERADORA DE SAÚDE SA;Medicina de Grupo;SP;11577951,90;826996,56;940401,72
414026;CAIXA BENEFICENTE DOS FUNCIONÁRIOS DO GRUPO IGUAÇU;Autogestão;PR;11444007,20;953667,27;1608424,10
418129;FUNDO DE ASSISTÊNCIA MÉDICO-HOSPITALAR DO MINISTÉRIO PÚBLICO;Autogestão;MS;10788738,64;1348592,33;1391047,22
365645;DONA SAÚDE CLINICAS LTDA;Medicina de Grupo;SP;10390655,91;1731775,99;1576803,24
407569;ASSOCIAÇÃO POLICIAL DE ASSISTÊNCIA À SAÚDE DE BARRETOS;Autogestão;SP;10199327,13;1133258,57;1736526,09
311472;CEAM BRASIL - PLANOS DE SAÚDE LTDA;Medicina de Grupo;MG;10193863,57;1132651,51;1556509,57
347795;UNIODONTO DE JUNDIAÍ COOPERATIVA ODONTOLÓGICA;Cooperativa odontológica;SP;10164785,98;677652,40;564792,36
382655;UNIODONTO VALE HISTORICO COOPERATIVA ODONTOLOGICA;Cooperativa odontológica;SP;9818438,74;654562,58;989943,18
411248;ASSOCIAÇÃO POLICIAL DE ASSISTÊNCIA À SAÚDE DE PRESIDENTE VENCESLAU;Autogestão;SP;9814844,02;1635807,34;1848637,23
408026;ASSOCIAÇÃO POLICIAL DE ASSISTÊNCIA À SAÚDE DE DRACENA;Autogestão;SP;9715658,10;1214457,26;1052574,50
423441;PLENUM ASSISTENCIA MEDICA  LTDA;Medicina de Grupo;DF;9685780,09;4842890,05;1554398,54
419591;ASSOCIAÇÃO DOS SERVIDORES PÚBLICOS DA ADMINISTRAÇÃO DIRETA DO GOVERNO DO ESTADO DO PARÁ - ASPARÁ;Autogestão;PA;9552825,16;636855,01;1253045,58
422304;CARING SAÚDE ASSISTÊNCIA MÉDICA LTDA.;Medicina de Grupo;RJ;9487688,25;3162562,75;1397989,80
418218;ASSOCIAÇÃO SAÚDE RURAL ALEGRETE;Medicina de Grupo;RS;9219814,32;1024423,81;1606442,51
414654;SEMPRE ODONTO PLANOS ODONTOLOGICOS LTDA;Odontologia de Grupo;RJ;9188019,85;1020891,09;999260,29
358339;UNIODONTO DO SUL GOIANO COOPERATIVA ODONTOLOGICA;Cooperativa odontológica;GO;9103393,15;1011488,13;1305414,86
409791;COOPERATIVA ODONTOLÓGICA POÇOS DE CALDAS;Cooperativa odontológica;MG;8894821,29;741235,11;1128820,33
414387;ODONTOART PLANOS ODONTOLÓGICOS LTDA;Odontologia de Grupo;CE;8807625,70;880762,57;983495,96
344184;CAIXA DE ASSISTÊNCIA DOS EMPREGADOS DO SETOR PÚBLICO DO ESTADO DE GOIÁS - CAEME;Autogestão;GO;8646698,54;960744,28;1537932,92
422959;PRESERVE SAUDE ASSISTENCIA MEDICA LTDA;Medicina de Grupo;BA;8597148,14;277327,36;773528,72
421618;ASSOCIAÇÃO HOSPITAL SAÚDE DE VARGEM GRANDE DO SUL;Medicina de Grupo;SP;8465552,53;564370,17;771473,53
343056;UNIODONTO JACAREÍ COOPERATIVA ODONTOLÓGICA;Cooperativa odontológica;SP;8368149,55;492244,09;444795,96
370711;UNIODONTO ESPIRITO SANTO COOPERATIVA ODONTOLOGICA;Cooperativa odontológica;ES;8264768,21;459153,79;738771,51
406813;ASSOCIAÇÃO POLICIAL DE ASSISTÊNCIA À SAÚDE;Autogestão;SP;8229295,95;587806,85;1216214,11
381144;UNIODONTO MARINGA COOPERATIVA ODONTOLOGICA;Cooperativa odontológica;PR;8210641,69;912293,52;1153693,07
421367;MEDHEALTH PLANOS DE SAÚDE LTDA;Medicina de Grupo;PR;8010085,11;500630,32;981284,03
322890;DENTALPAR ASSISTÊNCIA ODONTOLÓGICA EMPRESARIAL LTDA.;Odontologia de Grupo;SP;7945314,46;662109,54;321161,06
420093;ASSOCIACAO DOS SERVIDORES DA EMDAGRO - ASSEM;Autogestão;SE;7771778,41;1295296,40;1498999,90
408034;ASSOCIAÇÃO POLICIAL DE ASSISTÊNCIA À SAÚDE DE JAÚ;Autogestão;SP;7696399,38;641366,62;1188054,38
407224;SEPACO SAÚDE LTDA;Medicina de Grupo;SP;7607293,03;1267882,17;1499752,23
409405;ASSOCIAÇÃO POLICIAL DE ASSISTÊNCIA À SAÚDE - VALE DO RIBEIRA;Autogestão;SP;7547536,95;419307,61;921722,44
415987;PLANO VIDA SAUDE SERVIÇOS ODONTOLOGICOS LTDA;Odontologia de Grupo;SE;7526338,46;1254389,74;1062677,21
423203;ASSOCIAÇÃO POLICIAL DE ASSISTÊNCIA À SAÚDE APAS;Autogestão;SP;7526202,56;2508734,19;711845,37
350770;UNIODONTO DE LONDRINA COOP. ODONTOLÓGICA;Cooperativa odontológica;PR;7397278,67;369863,93;525389,36
365785;COOPERATIVA ODONTOLÓGICA DO ESTADO DO AMAPÁ;Cooperativa odontológica;AP;7181263,69;797918,19;1080473,04
415243;RODRIGUES LEIRA ODONTOLOGIA LTDA.;Odontologia de Grupo;SP;7163032,18;795892,46;561251,38
339458;DENTAL CENTER LTDA;Odontologia de Grupo;PB;7151462,48;1191910,41;718905,84
408093;ASSOCIAÇÃO POLICIAL DE ASSISTENCIA A SAUDE DE BOTUCATU;Autogestão;SP;7090575,78;1181762,63;1472859,43
413283;AESP ODONTO ASSISTÊNCIA ODONTOLÓGICA S/S LTDA EPP;Odontologia de Grupo;SP;7053734,99;587811,25;640211,31
319872;CAMIM OPERADORA DE PLANO DE SAÚDE LTDA;Medicina de Grupo;RJ;6841382,25;2280460,75;921207,05
382281;PLANO DE ASSISTÊNCIA MÉDICA MINEIRA LTDA;Medicina de Grupo;MG;6838203,42;455880,23;588150,50
324213;UNIMED NORTE/NORDESTE-FEDERAÇÃO INTERFEDERATIVA DAS SOCIEDADES COOPERATIVAS DE TRABALHO MÉDICO EM RECUPERAÇÃO JUDICIAL;Cooperativa Médica;PB;6701479,03;558456,59;481681,60
340162;SAMIG - SERV. DE ASSISTENCIA MEDICA DA ILHA DO GOVERNADOR LTDA;Medicina de Grupo;RJ;6683049,84;835381,23;784331,77
421634;SD-M OPERADORA DE PLANOS DE SAUDE LTDA;Medicina de Grupo;RJ;6579997,80;2193332,60;959104,23
413747;DENTAL MASTER LTDA - EPP;Odontologia de Grupo;AL;6436806,10;1072801,02;1154866,35
336017;UNIODONTO DE PRESIDENTE PRUDENTE COOPERATIVA ODONTOLOGICA;Cooperativa odontológica;SP;6419617,53;237763,61;418589,52
421189;BENEFICENCIA SOCIAL BOM SAMARITANO;Filantropia;MG;6255717,28;208523,91;364906,78
344915;SANTA CASA DE MISERICÓRDIA E ASILO DOS POBRES DE BATATAIS;Filantropia;SP;6132821,08;139382,30;264110,25
422088;ODONT-OPERADORA ODONTOLOGICA LTDA;Odontologia de Grupo;SP;6056431,23;336468,40;361906,93
424048;VALE PLANOS DE SAÚDE LTDA;Medicina de Grupo;PE;5974993,62;1194998,72;588319,97
342955;HSMED SAUDE LTDA;Medicina de Grupo;RJ;5819063,14;277098,24;362719,27
412015;MH VIDA - OPERADORA DE PLANOS DE SAÚDE LTDA;Medicina de Grupo;RJ;5756567,96;1151313,59;1098434,97
314366;DENTAL PLUS CONVÊNIO ODONTOLÓGICO LTDA.;Odontologia de Grupo;SP;5464937,22;607215,25;625314,62
417831;ODONTOLIVE OPERADORA DE PLANOS ODONTOLÓGICOS LTDA.;Odontologia de Grupo;SP;5423270,48;602585,61;441254,82
300730;DENTAL GOLD ASSISTÊNCIA ODONTOLÓGICA LTDA.;Odontologia de Grupo;PB;5397842,31;899640,39;368989,36
305421;UNIODONTO RS FEDERACAO DAS UNIODONTOS DO RGS LTDA;Cooperativa odontológica;RS;5205798,61;347053,24;480511,02
331104;UNIODONTO DE PINDAMONHANGABA COOP ODONTOLOGICA;Cooperativa odontológica;SP;5185037,19;305002,19;317968,30
373109;UNIODONTO DE SERTAOZINHO SP COOPERATIVA ODONTOLOGICA;Cooperativa odontológica;SP;5007845,03;625980,63;473864,54
419028;COOPERATIVA DE TRABALHO ODONTOLOGICO - UNIODONTO ITAJUBÁ;Cooperativa odontológica;MG;4776336,30;398028,03;453504,12
422380;YOU ASSISTÊNCIA MÉDICA LTDA.;Medicina de Grupo;MG;4701165,29;1567055,10;413094,21
382639;ASSOCIAÇÃO DOS FISCAIS DE TRIBUTOS ESTADUAIS DO RS - AFISVEC;Autogestão;RS;4599453,97;574931,75;803539,47
422746;SALUSMED OPERADORA DE PLANOS DE SAUDE LTDA;Medicina de Grupo;SP;4560392,56;760065,43;842299,57
423432;ASSOC DE ASSIST À SAÚDE DOS SERV DAS UNIV E INST FED, EST E/OU FAC PART EM PE;Autogestão;PE;4518150,75;903630,15;826674,23
341819;UNIMED ALTO PARANAIBA COOPERATIVA DE TRABALHO MEDICO;Cooperativa Médica;MG;4443728,91;185155,37;205616,21
415081;PORTO DIAS SAUDE LTDA.;Medicina de Grupo;PA;4432422,66;738737,11;897275,88
407534;ÔNIX OPERADORA DE PLANOS DE SAÚDE LTDA;Medicina de Grupo;RJ;4134572,22;344547,69;316044,17
420816;ASSOCIAÇÃO PADRE PIO PLANOS DE SAÚDE;Medicina de Grupo;SP;4125857,67;687642,95;768959,51
418072;CAIXA SEGURADORA ESPECIALIZADA EM SAÚDE S/A;Seguradora Especializada em Saúde;SP;4045129,61;404512,96;589235,98
417106;PLANO DE ASSISTÊNCIA ODONTOLÓGICA FAUCHARD LTDA. ME;Odontologia de Grupo;BA;4026955,72;671159,29;707045,54
417220;ASSOCIAÇÃO SERVIÇOS ODONTOLÓGICOS DA INDÚSTRIA DE MINAS GERAIS - ODONTOINDUSTRIA;Odontologia de Grupo;MG;3896791,72;1298930,57;582403,05
417173;QUALICORP ADMINISTRADORA DE BENEFÍCIOS S.A.;Administradora de Benefícios;SP;3879567,41;1939783,71;1873537,81
413267;PREVENT SENIOR CORPORATE OPERADORA DE SAÚDE LTDA.;Medicina de Grupo;SP;3823838,36;1274612,79;449354,06
415910;CENTRO DE ENDOCRINOLOGIA DE JUNDIAÍ S/S LTDA;Medicina de Grupo;SP;3722610,83;930652,71;683172,71
421723;HEALTH-MED SISTEMA DE SAUDE LTDA;Medicina de Grupo;RJ;3432498,41;286041,53;380810,16
417131;QUALIDONTO - QUALIDADE EM ODONTOLOGIA LTDA;Odontologia de Grupo;BA;3343566,50;557261,08;594366,56
419281;ODONTO SEG OPERADORA DE PLANOS ODONTOLOGICOS S.A.;Odontologia de Grupo;SP;3113047,63;1037682,54;378418,53
343404;UNIODONTO DE MATO GROSSO COOP TRAB ODONTOLOGICO LTDA;Cooperativa odontológica;MT;2884093,30;160227,41;242452,11
422355;PD BRASIL ASSISTENCIA ODONTOLOGICA LTDA;Odontologia de Grupo;MG;2647549,59;441258,27;319120,84
420930;HOSPITAL DE CARIDADE SÃO VICENTE DE PAULO;Filantropia;PR;2552772,79;425462,13;83077,21
424170;BLUZZ SAÚDE S/A;Medicina de Grupo;ES;2432983,38;152061,46;283670,13
415901;SAME-SERVIÇO DE ASSISTÊNCIA MÉDICA EMPRESARIAL LTDA.;Medicina de Grupo;MA;2050555,54;341759,26;387177,08
408522;SANTA CASA DA MISERICÓRDIA DE SÃO JOÃO DEL REI;Filantropia;MG;1999603,90;166633,66;148371,66
333239;SISTEMA PREVSAUDE DENTAL LTDA;Odontologia de Grupo;CE;1906012,78;173273,89;205737,49
422754;ODILE SERVIÇOS DE SAÚDE LTDA.;Medicina de Grupo;SP;1893381,61;631127,20;268939,95
419524;SORRIDEN CONVÊNIOS ODONTOLÓGICOS S.A.;Odontologia de Grupo;SP;1820679,38;303446,56;331666,35
327328;CASA DE SAÚDE NOSSA SENHORA DE FÁTIMA  LTDA.;Medicina de Grupo;CE;1808567,00;602855,67;264480,70
423572;INNOVA PLANO DE SAUDE LTDA;Medicina de Grupo;RO;1723509,58;861754,79;554300,46
417840;NOVODENTE S/A;Odontologia de Grupo;RS;1671197,84;417799,46;399045,88
397245;CROWN ODONTOLOGIA DE GRUPO LTDA;Odontologia de Grupo;SP;1643257,91;410814,48;318095,25
423564;INFINITY SAÚDE SUPLEMENTAR LTDA;Medicina de Grupo;MT;1520550,88;253425,15;319573,46
421561;BRASIL ODONTO OPERADORA DE PLANOS ODONTOLÓGICOS LTDA;Odontologia de Grupo;TO;1242569,19;207094,87;186446,89
413551;PLAMEDH - PLANO DE ASSISTÊNCIA MÉDICO-HOSPITALAR LTDA;Medicina de Grupo;MG;968119,57;484059,79;96811,96
418994;ODONTO PRIME S/S LTDA;Odontologia de Grupo;CE;937985,75;312661,92;133059,20
423181;BEMSTAR ASSISTENCIA MEDICA LTDA;Medicina de Grupo;BA;916748,11;183349,62;108970,10
421642;EXCELÊNCIA PLANO DE SAÚDE S/A;Medicina de Grupo;ES;831396,27;207849,07;233526,24
419354;ZURICH SANTANDER BRASIL ODONTO LTDA.;Odontologia de Grupo;SP;800285,81;133380,97;14811,06
423262;ALMA ODONTO OPERADORA DE PLANOS ODONTOLOGICOS LTDA;Odontologia de Grupo;SP;792655,56;264218,52;98969,68
423408;PLANO SIGMA SAÚDE LTDA;Medicina de Grupo;SP;758538,00;379269,00;2814,71
316903;POLIMÉDICA SAÚDE SOCIEDADE SIMPLES LTDA;Medicina de Grupo;RS;756570,72;108081,53;122538,37
409286;G & M ASSESSORIA MEDICA EMPRESARIAL LTDA;Medicina de Grupo;RJ;739618,47;49307,90;83911,43
423645;SAUDIA ASSISTENCIA MÉDICA LTDA;Medicina de Grupo;MG;698189,02;77576,56;97101,53
423912;ASSISTÊNCIA MÉDICA 12 DE OUTUBRO LTDA;Medicina de Grupo;SP;696205,41;232068,47;115553,82
420051;SMART CARE SISTEMAS MÉDICOS E ODONTOLÓGICOS LTDA.;Odontologia de Grupo;SP;572922,10;286461,05;0,00
418552;PLURAL GESTÃO EM PLANOS DE SAÚDE LTDA;Administradora de Benefícios;RJ;478569,42;159523,14;120726,00
422479;LIVRI OPERADORA DE PLANO DE SAÚDE LTDA;Medicina de Grupo;SP;310429,39;103476,46;40411,64
415944;CLÍNICA SÃO GABRIEL S/S LTDA;Medicina de Grupo;SP;201170,70;40234,14;18869,66
423815;SAGRADA SAÚDE ASSISTÊNCIA MÉDICA LTDA;Medicina de Grupo;MG;117168,13;39056,04;30801,05
416410;SOCIODONTO PLANO DE ASSISTÊNCIA ODONTOLÓGICA LTDA;Odontologia de Grupo;MG;62434,93;31217,47;25252,03
422592;VITTA SAUDE ADMINISTRADORA DE BENEFICIOS LTDA.;Administradora de Benefícios;SP;53132,41;26566,21;2207,51
424463;SAUDE SALV ASSISTENCIA MEDICA LTDA;Medicina de Grupo;RO;35715,45;35715,45;0,00
324523;UNIMED PARAIBA - FEDERAÇAO DAS SOCIEDADES COOPERATIVAS DE TRABALHO MEDICO;Cooperativa Médica;PB;6666,95;2222,32;1602,80
422941;ARL ADMINISTRADORA DE BENEFÍCIOS LTDA.;Administradora de Benefícios;SP;5680,00;2840,00;0,00